,source,bio_sample_ID,vila_ID,sample_number,sample_date,sample_type,grid_number,grid_point,distance,scheme,sampling_0,sampling_1,edge,block,plot,subplot,ID_on_field,spray_fungicide,fertiliser,cultivar,density,harvest_date,yield_grain,yield_straw,yield_TGW,sample_weight_plus_minus_2mg,lyophilised_date,crushed_date,DNA_plate_number,DNA_ext_date,DNA_conc_plate,lib_prep,amplicon,lib_plate_number,plate_position,PCR1_date,PCR2_date,lib_DNA_conc,index_set,S5_index_ID,S5_index,N7_index_ID,N7_index,index_pair,seq_sample_ID,run_ID,rund_ID_2nd,note,YEAR,LEAF_PROTOCOL,LIBRARY_PREPARATION,Unnamed: 0,dir_name,full_path,forward_fq,reverse_fq,corrected_forward_fq,corrected_reverse_fq,current_seq_sample_ID,correct_seq_sample_ID,suggested_correct_seq_sample_ID,SUGGESTED_EQUALS_CORRECT,ALREADY_CORRECT,LY,SP,LY_SP,SP_sample_number,SP_grid_number_LY_T_2020,SP_grid_point_LY_T_2020,SP_distance_LY_T_2020,SP_scheme_LY_T_2020,SP_sampling_0_LY_T_2020,SP_sampling_1_LY_T_2020,SP_edge_LY_T_2020,SP_cultivar,BS,EX,LP,LY_SP_BS,LY_SP_BS_EX,LY_SP_BS_EX_LP,SP_block,SP_plot,SP_subplot,SP_spray_fungicide,SP_fertilizer,SP_density,DNA_conc_plate_dilutedx10,location,SP_id_on_field_2022,SP_spray,SP_lane,SP_parcel,SP_location,triplicate,ID_on_field ,spray,sample_weight_g,washed_date,days_between_DNA_x,DNA_conc_individual,speedvac_DNA_conc_individual,lib_date,letter,Days_between_DNA_x,run_number,Plot,fertilizer,Cultivar,SP_fertiliser,number_bio,number_sample,x,y
1189,2022_washed_shotgun,R_070622_s_1A,,,2022-06-07 00:00:00,timeline,,,,,,,,,1.0,,,,,rembrandt,,not_available_yet,not_available_yet,not_available_yet,not_available_yet,,,,,2022-10-26,,hugenholz,,6.0,1C,,,0.96,1.0,S504,AGAGTAGA,N701,TAAGGCGA,37.0,R-070622-s-1A,seq230315_PF2CP,,speedvac_DNA,2022,WASHED,shotgun,1.0,seq230315_PF2CP,/home/jovyan/work/CCRP/MATRIX/RawData/Microbiomics/Metagenomics/sequencing_runs/seq230315_PF2CP,"['R-070622-s-1A_S1_L001_R1_001.fastq.gz', 'R-070622-s-1A_S1_L002_R1_001.fastq.gz', 'R-070622-s-1A_S1_L003_R1_001.fastq.gz', 'R-070622-s-1A_S1_L004_R1_001.fastq.gz']","['R-070622-s-1A_S1_L001_R2_001.fastq.gz', 'R-070622-s-1A_S1_L002_R2_001.fastq.gz', 'R-070622-s-1A_S1_L003_R2_001.fastq.gz', 'R-070622-s-1A_S1_L004_R2_001.fastq.gz']","['R-070622-s-1A_S1_L001_R1_001.fastq.gz', 'R-070622-s-1A_S1_L002_R1_001.fastq.gz', 'R-070622-s-1A_S1_L003_R1_001.fastq.gz', 'R-070622-s-1A_S1_L004_R1_001.fastq.gz']","['R-070622-s-1A_S1_L001_R2_001.fastq.gz', 'R-070622-s-1A_S1_L002_R2_001.fastq.gz', 'R-070622-s-1A_S1_L003_R2_001.fastq.gz', 'R-070622-s-1A_S1_L004_R2_001.fastq.gz']",R-070622-s-1A,,R-070622-s-1A,False,True,LY_R_2022,SP_001,LY_R_2022__SP_001,1.0,,,,,,,,Rembrandt,BS_220607_W_1,EX_221026,LP_230111_WGS,LY_R_2022__SP_001__BS_220607_W_1,LY_R_2022__SP_001__BS_220607_W_1__EX_221026,LY_R_2022__SP_001__BS_220607_W_1__EX_221026__LP_230111_WGS,,1.0,,,NORMAL,,,R,A16,False,1.0,7.0,R,0.0,A16,y,14.0923,2022-06-07,141.0,,0.064,2023-01-11,,,,,,,,,,,
3551,2022_washed_amplicon,H-200623-w-22-1,,,200622,,,,,,,,,,23.0,,,,,heerup,,,,,,,,,7.0,2023-06-26,0.2909474809855122,,ITS,7.0,8G,,2023-08-28 00:00:00,27.02556750887599,3,,S518,,N708,176.0,H-200623-ITS-w-22-1,seq231206_RISO2,,,2022,WASHED,amplicon,5.0,seq231206_RISO2,/home/jovyan/work/CCRP/MATRIX/RawData/Microbiomics/Metagenomics/sequencing_runs/seq231206_RISO2,Washed_H-200623-ITS-w-22-1_S59_L001_R1_001.fastq.gz,Washed_H-200623-ITS-w-22-1_S59_L001_R2_001.fastq.gz,H-200622-ITS-w-23-1_S59_L001_R1_001.fastq.gz,H-200622-ITS-w-23-1_S59_L001_R2_001.fastq.gz,Washed_H-200623-ITS-w-22-1,H-200622-ITS-w-23-1,H-200622-ITS-w-23-1,True,False,LY_H_2022,SP_023,LY_H_2022__SP_023,23.0,,,,,,,,Heerup,BS_200622_W_1,EX_230626,LP_230828_ITS,LY_H_2022__SP_023__BS_200622_W_1,LY_H_2022__SP_023__BS_200622_W_1__EX_230626,LY_H_2022__SP_023__BS_200622_W_1__EX_230626__LP_230828_ITS,,23.0,,,,,,H,B7,True,8.0,36.0,H,1,,y,,2023-06-09,,,,,B7,17.0,2.0,,,,,,,,
3556,2022_washed_amplicon,A-230623-w-22-1,,,230622,,,,,,,,,,23.0,,,,,rembrandt,,,,,,,,,9.0,2023-08-08,0.5165391476629341,,ITS,9.0,8G,,2024-01-02 00:00:00,18.267097933836155,1,,S507,,N708,80.0,A-230623-ITS-w-22-1,seq240209_KSVAZ,,,2022,WASHED,amplicon,16.0,seq240209_KSVAZ,/home/jovyan/work/CCRP/MATRIX/RawData/Microbiomics/Metagenomics/sequencing_runs/seq240209_KSVAZ,A-230623-ITS-w-22-1_S63_L001_R1_001.fastq.gz,A-230623-ITS-w-22-1_S63_L001_R2_001.fastq.gz,A-230622-ITS-w-23-1_S63_L001_R1_001.fastq.gz,A-230622-ITS-w-23-1_S63_L001_R2_001.fastq.gz,A-230623-ITS-w-22-1,A-230622-ITS-w-23-1,A-230622-ITS-w-23-1,True,False,LY_A_2022,SP_023,LY_A_2022__SP_023,23.0,,,,,,,,Rembrandt,BS_230622_W_1,EX_230808,LP_240102_ITS,LY_A_2022__SP_023__BS_230622_W_1,LY_A_2022__SP_023__BS_230622_W_1__EX_230808,LY_A_2022__SP_023__BS_230622_W_1__EX_230808__LP_240102_ITS,,23.0,,,,,,A,A16,False,4.0,77.0,A,1,,n,,2023-08-01,,,,,A16,7.0,3.0,,,,,,,,
3560,2022_washed_amplicon,H-200623-w-22-1,,,200622,,,,,,,,,,23.0,,,,,heerup,,,,,,,,,7.0,2023-06-26,0.2909474809855122,,16S,7.0,8G,,2024-12-15 00:00:00,5.178059226340139,3,,S518,,N708,176.0,H-200623-16S-w-22-1,seq240209_KSVAZ,,,2022,WASHED,amplicon,16.0,seq240209_KSVAZ,/home/jovyan/work/CCRP/MATRIX/RawData/Microbiomics/Metagenomics/sequencing_runs/seq240209_KSVAZ,H-200623-16S-w-22-1_S40_L001_R1_001.fastq.gz,H-200623-16S-w-22-1_S40_L001_R2_001.fastq.gz,H-200622-16S-w-23-1_S40_L001_R1_001.fastq.gz,H-200622-16S-w-23-1_S40_L001_R2_001.fastq.gz,H-200623-16S-w-22-1,H-200622-16S-w-23-1,H-200622-16S-w-23-1,True,False,LY_H_2022,SP_023,LY_H_2022__SP_023,23.0,,,,,,,,Heerup,BS_200622_W_1,EX_230626,LP_241215_16S,LY_H_2022__SP_023__BS_200622_W_1,LY_H_2022__SP_023__BS_200622_W_1__EX_230626,LY_H_2022__SP_023__BS_200622_W_1__EX_230626__LP_241215_16S,,23.0,,,,,,H,B7,True,8.0,36.0,H,1,,y,,2023-06-09,,,,,B7,17.0,3.0,,,,,,,,
3629,2022_washed_amplicon,L-230623-w-22-1,,,230622,,,,,,,,,,23.0,,,,,Kvium,,,,,,,,,11.0,2023-07-24,0.047,,ITS,11.0,8G,,2023-09-12 00:00:00,12.17657944391509,3,,S518,,N708,176.0,L-230623-ITS-w-22-1,seq240412_BRLUV,,Error_SampleID_in_seq_run_says_2023_not_2022,2022,WASHED,amplicon,3.0,seq240412_BRLUV,/home/jovyan/work/CCRP/MATRIX/RawData/Microbiomics/Metagenomics/sequencing_runs/seq240412_BRLUV,L-230623-ITS-w-22-1_S42_L001_R1_001.fastq.gz,L-230623-ITS-w-22-1_S42_L001_R2_001.fastq.gz,L-230622-ITS-w-22-1_S42_L001_R1_001.fastq.gz,L-230622-ITS-w-22-1_S42_L001_R2_001.fastq.gz,L-230623-ITS-w-22-1,L-230622-ITS-w-22-1,L-230622-ITS-w-22-1,True,False,LY_L_2022,SP_023,LY_L_2022__SP_023,23.0,,,,,,,,Kvium,BS_230622_W_1,EX_230724,LP_230912_ITS,LY_L_2022__SP_023__BS_230622_W_1,LY_L_2022__SP_023__BS_230622_W_1__EX_230724,LY_L_2022__SP_023__BS_230622_W_1__EX_230724__LP_230912_ITS,,23.0,,,,,,L,A5,False,4.0,79.0,L,1,,y,,2023-07-11,,,,,A5,13.0,6.0,,,,,,,,
3636,2022_washed_amplicon,L-230623-w-22-1,,,230622,,,,,,,,,,23.0,,,,,Kvium,,,,,,,,,11.0,2023-07-24,0.047,,16S,11.0,8G,,2024-01-12 00:00:00,1.5482777391148563,3,,S518,,N708,176.0,L-230623-16S-w-22-1,seq240424_T6U6R,,Error_SampleID_in_seq_run_says_2023_not_2022_and_23_1_not_22_1,2022,WASHED,amplicon,4.0,seq240424_T6U6R,/home/jovyan/work/CCRP/MATRIX/RawData/Microbiomics/Metagenomics/sequencing_runs/seq240424_T6U6R,L-230623-16S-w-22-1_S65_L001_R1_001.fastq.gz,L-230623-16S-w-22-1_S65_L001_R2_001.fastq.gz,L-230622-16S-w-23-1_S65_L001_R1_001.fastq.gz,L-230622-16S-w-23-1_S65_L001_R2_001.fastq.gz,L-230623-16S-w-22-1,L-230622-16S-w-23-1,L-230622-16S-w-23-1,True,False,LY_L_2022,SP_023,LY_L_2022__SP_023,23.0,,,,,,,,Kvium,BS_230622_W_1,EX_230724,LP_240112_16S,LY_L_2022__SP_023__BS_230622_W_1,LY_L_2022__SP_023__BS_230622_W_1__EX_230724,LY_L_2022__SP_023__BS_230622_W_1__EX_230724__LP_240112_16S,,23.0,,,,,,L,A5,False,4.0,79.0,L,1,,y,,2023-07-11,,,,,A5,13.0,7.0,,,,,,,,
5316,2023_washed_shotgun_amplicon,T-210623-aphid-5-68D,,,2023-06-21 00:00:00,timeline,,,,,,,,,5_68,,,,,sheriff,300.0,,,,,,,,,2023-06-21,,,ITS,washed_14,1B,2023-08-23 00:00:00,2023-10-27 00:00:00,33.261564823235716,3.0,s511,TCTCTCCG,N705,GGACTCCT,113.0,T-200723-ITS-w-aphid-5-68D,seq231107_RISO1,,mix_of_sample_5_and_68_hole_in_beaker_lost_20ml,2023,WASHED,shotgun_amplicon,14.0,seq231107_RISO1,/home/jovyan/work/CCRP/MATRIX/RawData/Microbiomics/Metagenomics/sequencing_runs/seq231107_RISO1,/home/jovyan/work/CCRP/MATRIX/RawData/Microbiomics/Metagenomics/sequencing_runs/seq231107_RISO1/washed-1-T-200723-ITS-w-aphid-5-68D_S273_L001_R1_001.fastq.gz,/home/jovyan/work/CCRP/MATRIX/RawData/Microbiomics/Metagenomics/sequencing_runs/seq231107_RISO1/washed-1-T-200723-ITS-w-aphid-5-68D_S273_L001_R2_001.fastq.gz,T-200723-ITS-w-aphid-5-68D_S273_L001_R1_001.fastq.gz,T-200723-ITS-w-aphid-5-68D_S273_L001_R2_001.fastq.gz,washed-1-T-200723-ITS-w-aphid-5-68D,,T-200723-ITS-w-aphid-5-68D,False,False,LY_T_2023,SP_109,LY_T_2023__SP_109,5_68,,,,,,,,Sheriff,BS_230621_W_1,EX_230621,LP_231027_ITS,LY_T_2023__SP_109__BS_230621_W_1,LY_T_2023__SP_109__BS_230621_W_1__EX_230621,LY_T_2023__SP_109__BS_230621_W_1__EX_230621__LP_231027_ITS,1_2,5_68,1_6,False,,300.0,,T,,,,,T,68D,,,3.93,2023-06-20,1.0,8.44,,,,,,,Normal,,NORMAL,,,,
5317,2023_washed_shotgun_amplicon,T-210623-aphid-3-61D,,,2023-06-21 00:00:00,timeline,,,,,,,,,3_61,,,,,heerup,300.0,,,,,,,,,2023-06-21,,,ITS,washed_14,1A,2023-08-23 00:00:00,2023-10-27 00:00:00,28.763884311996023,3.0,S510,CGTCTAAT,N705,GGACTCCT,101.0,T-200723-ITS-w-aphid-3-6D,seq231107_RISO1,,mix_of_sample_3_and_6_pooled_after_centrifugation_hole_in_bag3_lost_33ml,2023,WASHED,shotgun_amplicon,14.0,seq231107_RISO1,/home/jovyan/work/CCRP/MATRIX/RawData/Microbiomics/Metagenomics/sequencing_runs/seq231107_RISO1,/home/jovyan/work/CCRP/MATRIX/RawData/Microbiomics/Metagenomics/sequencing_runs/seq231107_RISO1/washed-1-T-200723-ITS-w-aphid-3-6D_S272_L001_R1_001.fastq.gz,/home/jovyan/work/CCRP/MATRIX/RawData/Microbiomics/Metagenomics/sequencing_runs/seq231107_RISO1/washed-1-T-200723-ITS-w-aphid-3-6D_S272_L001_R2_001.fastq.gz,T-200723-ITS-w-aphid-3-6D_S272_L001_R1_001.fastq.gz,T-200723-ITS-w-aphid-3-6D_S272_L001_R2_001.fastq.gz,washed-1-T-200723-ITS-w-aphid-3-6D,,T-200723-ITS-w-aphid-3-6D,False,False,LY_T_2023,SP_110,LY_T_2023__SP_110,3_61,,,,,,,,Heerup,BS_230621_W_1,EX_230621,LP_231027_ITS,LY_T_2023__SP_110__BS_230621_W_1,LY_T_2023__SP_110__BS_230621_W_1__EX_230621,LY_T_2023__SP_110__BS_230621_W_1__EX_230621__LP_231027_ITS,1_2,3_61,1_6,False,,300.0,,T,,,,,T,61D,,,0.8,2023-06-20,1.0,0.8,,,,,,,Normal,,NORMAL,,,,
5388,2023_washed_shotgun_amplicon,T-210623-aphid-5-68D,,,2023-06-21 00:00:00,timeline,,,,,,,,,5_68,,,,,sheriff,300.0,,,,,,,,,2023-06-21,,,16S,washed_13,11B,17/004/24,2024-04-18 00:00:00,19.436880727009616,3.0,S511,TCTCTCCG,N711,AAGAGGCA,119.0,T-200723-16S-w-aphid-5-68D,seq240508_LNERQ,,mix_of_sample_5_and_68_hole_in_beaker_lost_20ml,2023,WASHED,shotgun_amplicon,10.0,seq240508_LNERQ,/home/jovyan/work/CCRP/MATRIX/RawData/Microbiomics/Metagenomics/sequencing_runs/seq240508_LNERQ,/home/jovyan/work/CCRP/MATRIX/RawData/Microbiomics/Metagenomics/sequencing_runs/seq240508_LNERQ/T-200723-16S-w-aphid-5-68D_S164_L001_R1_001.fastq.gz,/home/jovyan/work/CCRP/MATRIX/RawData/Microbiomics/Metagenomics/sequencing_runs/seq240508_LNERQ/T-200723-16S-w-aphid-5-68D_S164_L001_R2_001.fastq.gz,T-200723-16S-w-aphid-5-68D_S164_L001_R1_001.fastq.gz,T-200723-16S-w-aphid-5-68D_S164_L001_R2_001.fastq.gz,T-200723-16S-w-aphid-5-68D,,T-200723-16S-w-aphid-5-68D,False,True,LY_T_2023,SP_109,LY_T_2023__SP_109,5_68,,,,,,,,Sheriff,BS_230621_W_1,EX_230621,LP_240418_16S,LY_T_2023__SP_109__BS_230621_W_1,LY_T_2023__SP_109__BS_230621_W_1__EX_230621,LY_T_2023__SP_109__BS_230621_W_1__EX_230621__LP_240418_16S,1_2,5_68,1_6,False,,300.0,,T,,,,,T,68D,,,3.93,2023-06-20,1.0,8.44,,,,,,,Normal,,NORMAL,,,,
5409,2023_washed_shotgun_amplicon,T-210623-aphid-3-61D,,,2023-06-21 00:00:00,timeline,,,,,,,,,3_61,,,,,heerup,300.0,,,,,,,,,2023-06-21,,,16S,washed_13,11A,17/004/24,2024-04-18 00:00:00,20.620258427512326,3.0,S510,CGTCTAAT,N711,AAGAGGCA,107.0,T-200723-16S-w-aphid-3-6D,seq240508_LNERQ,,mix_of_sample_3_and_6_pooled_after_centrifugation_hole_in_bag3_lost_33ml,2023,WASHED,shotgun_amplicon,10.0,seq240508_LNERQ,/home/jovyan/work/CCRP/MATRIX/RawData/Microbiomics/Metagenomics/sequencing_runs/seq240508_LNERQ,/home/jovyan/work/CCRP/MATRIX/RawData/Microbiomics/Metagenomics/sequencing_runs/seq240508_LNERQ/T-200723-16S-w-aphid-3-6D_S163_L001_R1_001.fastq.gz,/home/jovyan/work/CCRP/MATRIX/RawData/Microbiomics/Metagenomics/sequencing_runs/seq240508_LNERQ/T-200723-16S-w-aphid-3-6D_S163_L001_R2_001.fastq.gz,T-200723-16S-w-aphid-3-6D_S163_L001_R1_001.fastq.gz,T-200723-16S-w-aphid-3-6D_S163_L001_R2_001.fastq.gz,T-200723-16S-w-aphid-3-6D,,T-200723-16S-w-aphid-3-6D,False,True,LY_T_2023,SP_110,LY_T_2023__SP_110,3_61,,,,,,,,Heerup,BS_230621_W_1,EX_230621,LP_240418_16S,LY_T_2023__SP_110__BS_230621_W_1,LY_T_2023__SP_110__BS_230621_W_1__EX_230621,LY_T_2023__SP_110__BS_230621_W_1__EX_230621__LP_240418_16S,1_2,3_61,1_6,False,,300.0,,T,,,,,T,61D,,,0.8,2023-06-20,1.0,0.8,,,,,,,Normal,,NORMAL,,,,
5548,2023_washed_shotgun,T-210623-aphid-3-61D,,,2023-06-21 00:00:00,timeline,,,,,,,,,3_61,,,,,heerup,300.0,,,,,,,,,2023-06-21,,nextera15,,5,,,,41.8,1,S517,AAGGAGTA,N712,GTAGAGGA,84.0,T-210623-s-aphid-3-61D,seq240222_RQS8X,,mix_of_sample_3_and_6_pooled_after_centrifugation_hole_in_bag3_lost_33ml,2023,WASHED,shotgun,2.0,seq240222_RQS8X,/home/jovyan/work/CCRP/MATRIX/RawData/Microbiomics/Metagenomics/sequencing_runs/seq240222_RQS8X,/home/jovyan/work/CCRP/MATRIX/RawData/Microbiomics/Metagenomics/sequencing_runs/seq240222_RQS8X/T-210623-s-aphid-3-61D_S153_L001_R1_001.fastq.gz,/home/jovyan/work/CCRP/MATRIX/RawData/Microbiomics/Metagenomics/sequencing_runs/seq240222_RQS8X/T-210623-s-aphid-3-61D_S153_L001_R2_001.fastq.gz,T-210623-s-aphid-3-61D_S153_L001_R1_001.fastq.gz,T-210623-s-aphid-3-61D_S153_L001_R2_001.fastq.gz,T-210623-s-aphid-3-61D,,T-210623-s-aphid-3-61D,False,True,LY_T_2023,SP_110,LY_T_2023__SP_110,3_61,,,,,,,,Heerup,BS_230621_W_1,EX_230621,LP_240212_WGS,LY_T_2023__SP_110__BS_230621_W_1,LY_T_2023__SP_110__BS_230621_W_1__EX_230621,LY_T_2023__SP_110__BS_230621_W_1__EX_230621__LP_240212_WGS,1_2,3_61,1_6,False,,300.0,,T,,,,,T,0,,,0.8,2023-06-20,1.0,0.8,,2024-02-12,,,,,Normal,,NORMAL,,,,
5549,2023_washed_shotgun,T-210623-aphid-5-68D,,,2023-06-21 00:00:00,timeline,,,,,,,,,5_68,,,,,sheriff,300.0,,,,,,,,,2023-06-21,,nextera15,,5,,,,55.0,1,S508,CTAAGCCT,N712,GTAGAGGA,96.0,T-210623-s-aphid-5-68D,seq240222_RQS8X,,mix_of_sample_5_and_68_hole_in_beaker_lost_20ml,2023,WASHED,shotgun,2.0,seq240222_RQS8X,/home/jovyan/work/CCRP/MATRIX/RawData/Microbiomics/Metagenomics/sequencing_runs/seq240222_RQS8X,/home/jovyan/work/CCRP/MATRIX/RawData/Microbiomics/Metagenomics/sequencing_runs/seq240222_RQS8X/T-210623-s-aphid-5-68D_S154_L001_R1_001.fastq.gz,/home/jovyan/work/CCRP/MATRIX/RawData/Microbiomics/Metagenomics/sequencing_runs/seq240222_RQS8X/T-210623-s-aphid-5-68D_S154_L001_R2_001.fastq.gz,T-210623-s-aphid-5-68D_S154_L001_R1_001.fastq.gz,T-210623-s-aphid-5-68D_S154_L001_R2_001.fastq.gz,T-210623-s-aphid-5-68D,,T-210623-s-aphid-5-68D,False,True,LY_T_2023,SP_109,LY_T_2023__SP_109,5_68,,,,,,,,Sheriff,BS_230621_W_1,EX_230621,LP_240212_WGS,LY_T_2023__SP_109__BS_230621_W_1,LY_T_2023__SP_109__BS_230621_W_1__EX_230621,LY_T_2023__SP_109__BS_230621_W_1__EX_230621__LP_240212_WGS,1_2,5_68,1_6,False,,300.0,,T,,,,,T,0,,,3.93,2023-06-20,1.0,8.44,,2024-02-12,,,,,Normal,,NORMAL,,,,
