bio_sample_ID,vila_ID,sample_number,sample_date,sample_type,grid_number,grid_point,distance,scheme,sampling_0,sampling_1,edge,block,plot,subplot,ID_on_field,spray_fungicide,fertiliser,cultivar,density,harvest_date,yield_grain,yield_straw,yield_TGW,sample_weight_plus_minus_2mg,lyophilised_date,crushed_date,DNA_plate_number,DNA_ext_date,DNA_conc_plate,lib_prep,amplicon,lib_plate_number,plate_position,PCR1_date,PCR2_date,lib_DNA_conc,index_set,S5_index_ID,S5_index,N7_index_ID,N7_index,index_pair,seq_sample_ID,run_ID,rund_ID_2nd,note,YEAR,LEAF_PROTOCOL,LIBRARY_PREPARATION,Unnamed: 0,dir_name,full_path,forward_fq,reverse_fq,corrected_forward_fq,corrected_reverse_fq,current_seq_sample_ID,correct_seq_sample_ID,suggested_correct_seq_sample_ID,SUGGESTED_EQUALS_CORRECT,ALREADY_CORRECT,LY,SP,LY_SP,SP_sample_number,SP_grid_number_LY_T_2020,SP_grid_point_LY_T_2020,SP_distance_LY_T_2020,SP_scheme_LY_T_2020,SP_sampling_0_LY_T_2020,SP_sampling_1_LY_T_2020,SP_edge_LY_T_2020,SP_cultivar,BS,EX,LP,LY_SP_BS,LY_SP_BS_EX,LY_SP_BS_EX_LP
alex-control,,,,,,,,,,,,,,,,,,,,,,,,,,,,,,customized,ITS,1,7D,2023-04-27,2023-04-28,2.1667974763883353,3,S515,TTCTAGCT,N707,CTCTCTAC,139,T-2020-ITS-c-52,seq230710_GW4I8,,not_a_sample_do_not_inlcude,2020,WASHED,amplicon,11,seq230710_GW4I8,/home/jovyan/work/CCRP/MATRIX/RawData/Microbiomics/Metagenomics/sequencing_runs/seq230710_GW4I8,T-2020-ITS-c-52_S52_L001_R1_001.fastq.gz,T-2020-ITS-c-52_S52_L001_R2_001.fastq.gz,not-a-sample-do-not-include_S52_L001_R1_001.fastq.gz,not-a-sample-do-not-include_S52_L001_R2_001.fastq.gz,T-2020-ITS-c-52,not_a_sample_do_not_include,not-a-sample-do-not-include,False,False,LY_X_0000,SP_000,LY_X_0000__SP_000,,,,,,,,,,BS_ALXCTL_X_0,EX_000000,LP_230428_ITS,LY_X_0000__SP_000__BS_ALXCTL_X_0,LY_X_0000__SP_000__BS_ALXCTL_X_0__EX_000000,LY_X_0000__SP_000__BS_ALXCTL_X_0__EX_000000__LP_230428_ITS
alex-control,,,,,,,,,,,,,,,,,,,,,,,,,,,,,,customized,ITS,1,7C,2023-04-27,2023-04-28,0.6238790563054117,3,S513,TCGACTAG,N707,CTCTCTAC,127,T-2020-ITS-c-51,seq230710_GW4I8,,not_a_sample_do_not_inlcude,2020,WASHED,amplicon,11,seq230710_GW4I8,/home/jovyan/work/CCRP/MATRIX/RawData/Microbiomics/Metagenomics/sequencing_runs/seq230710_GW4I8,T-2020-ITS-c-51_S51_L001_R1_001.fastq.gz,T-2020-ITS-c-51_S51_L001_R2_001.fastq.gz,not-a-sample-do-not-include_S51_L001_R1_001.fastq.gz,not-a-sample-do-not-include_S51_L001_R2_001.fastq.gz,T-2020-ITS-c-51,not_a_sample_do_not_include,not-a-sample-do-not-include,False,False,LY_X_0000,SP_000,LY_X_0000__SP_000,,,,,,,,,,BS_ALXCTL_X_0,EX_000000,LP_230428_ITS,LY_X_0000__SP_000__BS_ALXCTL_X_0,LY_X_0000__SP_000__BS_ALXCTL_X_0__EX_000000,LY_X_0000__SP_000__BS_ALXCTL_X_0__EX_000000__LP_230428_ITS
alex-control,,,,,,,,,,,,,,,,,,,,,,,,,,,,,,customized,16S,1,7D,2023-03-23,2023-03-23,9.65,3,S515,TTCTAGCT,N707,CTCTCTAC,139,T-2020-16S-c-52,seq230714_FWU63,,not_a_sample_do_not_inlcude,2020,WASHED,amplicon,6,seq230714_FWU63,/home/jovyan/work/CCRP/MATRIX/RawData/Microbiomics/Metagenomics/sequencing_runs/seq230714_FWU63,T-2020-16S-c-52_S52_L001_R1_001.fastq.gz,T-2020-16S-c-52_S52_L001_R2_001.fastq.gz,not-a-sample-do-not-include_S52_L001_R1_001.fastq.gz,not-a-sample-do-not-include_S52_L001_R2_001.fastq.gz,T-2020-16S-c-52,not_a_sample_do_not_include,not-a-sample-do-not-include,False,False,LY_X_0000,SP_000,LY_X_0000__SP_000,,,,,,,,,,BS_ALXCTL_X_0,EX_000000,LP_230323_16S,LY_X_0000__SP_000__BS_ALXCTL_X_0,LY_X_0000__SP_000__BS_ALXCTL_X_0__EX_000000,LY_X_0000__SP_000__BS_ALXCTL_X_0__EX_000000__LP_230323_16S
alex-control,,,,,,,,,,,,,,,,,,,,,,,,,,,,,,customized,16S,1,7C,2023-03-23,2023-03-23,10.54,3,S513,TCGACTAG,N707,CTCTCTAC,127,T-2020-16S-c-51,seq230714_FWU63,,not_a_sample_do_not_inlcude,2020,WASHED,amplicon,6,seq230714_FWU63,/home/jovyan/work/CCRP/MATRIX/RawData/Microbiomics/Metagenomics/sequencing_runs/seq230714_FWU63,T-2020-16S-c-51_S51_L001_R1_001.fastq.gz,T-2020-16S-c-51_S51_L001_R2_001.fastq.gz,not-a-sample-do-not-include_S51_L001_R1_001.fastq.gz,not-a-sample-do-not-include_S51_L001_R2_001.fastq.gz,T-2020-16S-c-51,not_a_sample_do_not_include,not-a-sample-do-not-include,False,False,LY_X_0000,SP_000,LY_X_0000__SP_000,,,,,,,,,,BS_ALXCTL_X_0,EX_000000,LP_230323_16S,LY_X_0000__SP_000__BS_ALXCTL_X_0,LY_X_0000__SP_000__BS_ALXCTL_X_0__EX_000000,LY_X_0000__SP_000__BS_ALXCTL_X_0__EX_000000__LP_230323_16S
ZymoBIOMICS-Microbial-Community-DNA-Standard-D6306,,,,,,,,,,,,,,,,,,,,,,,,,,,,,,customized,ITS,1,7F,2023-04-27,2023-04-28,13.684567103488876,3,S517,GCGTAAGA,N707,CTCTCTAC,163,T-2020-ITS-c-pos,seq230710_GW4I8,,,2020,WASHED,amplicon,11,seq230710_GW4I8,/home/jovyan/work/CCRP/MATRIX/RawData/Microbiomics/Metagenomics/sequencing_runs/seq230710_GW4I8,T-2020-ITS-c-pos_S54_L001_R1_001.fastq.gz,T-2020-ITS-c-pos_S54_L001_R2_001.fastq.gz,T-2020-ITS-w-P1-pos_S54_L001_R1_001.fastq.gz,T-2020-ITS-w-P1-pos_S54_L001_R2_001.fastq.gz,T-2020-ITS-c-pos,T-2020-ITS-w-P1-pos,T-2020-ITS-w-P1-pos,True,False,LY_X_0000,SP_000,LY_X_0000__SP_000,,,,,,,,,,BS_ZYMCTL_X_0,EX_000000,LP_230428_ITS,LY_X_0000__SP_000__BS_ZYMCTL_X_0,LY_X_0000__SP_000__BS_ZYMCTL_X_0__EX_000000,LY_X_0000__SP_000__BS_ZYMCTL_X_0__EX_000000__LP_230428_ITS
T-030620-w-24,,24.0,2020-06-03,deep,26.0,middle,other,medium,C_10,C_10,other,,,,,,,elixir,,,,,,,,,1.0,2021-01-09,2.12,customized,ITS,1,3H,2023-04-27,2023-04-28,15.604158462496068,3,S520,AAGGCTAT,N703,AGGCAGAA,183,T-2020-ITS-c-24,seq230710_GW4I8,,,2020,WASHED,amplicon,11,seq230710_GW4I8,/home/jovyan/work/CCRP/MATRIX/RawData/Microbiomics/Metagenomics/sequencing_runs/seq230710_GW4I8,T-2020-ITS-c-24_S24_L001_R1_001.fastq.gz,T-2020-ITS-c-24_S24_L001_R2_001.fastq.gz,T-030620-ITS-w-24_S24_L001_R1_001.fastq.gz,T-030620-ITS-w-24_S24_L001_R2_001.fastq.gz,T-2020-ITS-c-24,T-030620-ITS-w-24,T-030620-ITS-w-24,True,False,LY_T_2020,SP_024,LY_T_2020__SP_024,24.0,26.0,middle,other,medium,C_10,C_10,other,Elixir,BS_200603_W_1,EX_210109,LP_230428_ITS,LY_T_2020__SP_024__BS_200603_W_1,LY_T_2020__SP_024__BS_200603_W_1__EX_210109,LY_T_2020__SP_024__BS_200603_W_1__EX_210109__LP_230428_ITS
T-030620-w-23,,23.0,2020-06-03,deep,25.0,middle,other,medium,C_10,C_10,other,,,,,,,elixir,,,,,,,,,1.0,2021-01-09,1.43,customized,ITS,1,3G,2023-04-27,2023-04-28,8.902605219212978,3,S518,CTATTAAG,N703,AGGCAGAA,171,T-2020-ITS-c-23,seq230710_GW4I8,,,2020,WASHED,amplicon,11,seq230710_GW4I8,/home/jovyan/work/CCRP/MATRIX/RawData/Microbiomics/Metagenomics/sequencing_runs/seq230710_GW4I8,T-2020-ITS-c-23_S23_L001_R1_001.fastq.gz,T-2020-ITS-c-23_S23_L001_R2_001.fastq.gz,T-030620-ITS-w-23_S23_L001_R1_001.fastq.gz,T-030620-ITS-w-23_S23_L001_R2_001.fastq.gz,T-2020-ITS-c-23,T-030620-ITS-w-23,T-030620-ITS-w-23,True,False,LY_T_2020,SP_023,LY_T_2020__SP_023,23.0,25.0,middle,other,medium,C_10,C_10,other,Elixir,BS_200603_W_1,EX_210109,LP_230428_ITS,LY_T_2020__SP_023__BS_200603_W_1,LY_T_2020__SP_023__BS_200603_W_1__EX_210109,LY_T_2020__SP_023__BS_200603_W_1__EX_210109__LP_230428_ITS
T-030620-w-22,,22.0,2020-06-03,deep,24.0,middle,other,medium,C_10,C_10,other,,,,,,,elixir,,,,,,,,,1.0,2021-01-09,0.91,customized,ITS,1,3F,2023-04-27,2023-04-28,8.918287620942746,3,S517,GCGTAAGA,N703,AGGCAGAA,159,T-2020-ITS-c-22,seq230710_GW4I8,,,2020,WASHED,amplicon,11,seq230710_GW4I8,/home/jovyan/work/CCRP/MATRIX/RawData/Microbiomics/Metagenomics/sequencing_runs/seq230710_GW4I8,T-2020-ITS-c-22_S22_L001_R1_001.fastq.gz,T-2020-ITS-c-22_S22_L001_R2_001.fastq.gz,T-030620-ITS-w-22_S22_L001_R1_001.fastq.gz,T-030620-ITS-w-22_S22_L001_R2_001.fastq.gz,T-2020-ITS-c-22,T-030620-ITS-w-22,T-030620-ITS-w-22,True,False,LY_T_2020,SP_022,LY_T_2020__SP_022,22.0,24.0,middle,other,medium,C_10,C_10,other,Elixir,BS_200603_W_1,EX_210109,LP_230428_ITS,LY_T_2020__SP_022__BS_200603_W_1,LY_T_2020__SP_022__BS_200603_W_1__EX_210109,LY_T_2020__SP_022__BS_200603_W_1__EX_210109__LP_230428_ITS
T-030620-w-21,,21.0,2020-06-03,deep,23.0,middle,cross,large,C_10,C_10,other,,,,,,,elixir,,,,,,,,,1.0,2021-01-09,0.396,customized,ITS,1,3E,2023-04-27,2023-04-28,5.152338660568915,3,S516,CCTAGAGT,N703,AGGCAGAA,147,T-2020-ITS-c-21,seq230710_GW4I8,,,2020,WASHED,amplicon,11,seq230710_GW4I8,/home/jovyan/work/CCRP/MATRIX/RawData/Microbiomics/Metagenomics/sequencing_runs/seq230710_GW4I8,T-2020-ITS-c-21_S21_L001_R1_001.fastq.gz,T-2020-ITS-c-21_S21_L001_R2_001.fastq.gz,T-030620-ITS-w-21_S21_L001_R1_001.fastq.gz,T-030620-ITS-w-21_S21_L001_R2_001.fastq.gz,T-2020-ITS-c-21,T-030620-ITS-w-21,T-030620-ITS-w-21,True,False,LY_T_2020,SP_021,LY_T_2020__SP_021,21.0,23.0,middle,cross,large,C_10,C_10,other,Elixir,BS_200603_W_1,EX_210109,LP_230428_ITS,LY_T_2020__SP_021__BS_200603_W_1,LY_T_2020__SP_021__BS_200603_W_1__EX_210109,LY_T_2020__SP_021__BS_200603_W_1__EX_210109__LP_230428_ITS
T-030620-w-20,,20.0,2020-06-03,deep,22.0,middle,other,medium,C_10,C_10,other,,,,,,,elixir,,,,,,,,,1.0,2021-01-09,1.1,customized,ITS,1,3D,2023-04-27,2023-04-28,3.962353376926262,3,S515,TTCTAGCT,N703,AGGCAGAA,135,T-2020-ITS-c-20,seq230710_GW4I8,,,2020,WASHED,amplicon,11,seq230710_GW4I8,/home/jovyan/work/CCRP/MATRIX/RawData/Microbiomics/Metagenomics/sequencing_runs/seq230710_GW4I8,T-2020-ITS-c-20_S20_L001_R1_001.fastq.gz,T-2020-ITS-c-20_S20_L001_R2_001.fastq.gz,T-030620-ITS-w-20_S20_L001_R1_001.fastq.gz,T-030620-ITS-w-20_S20_L001_R2_001.fastq.gz,T-2020-ITS-c-20,T-030620-ITS-w-20,T-030620-ITS-w-20,True,False,LY_T_2020,SP_020,LY_T_2020__SP_020,20.0,22.0,middle,other,medium,C_10,C_10,other,Elixir,BS_200603_W_1,EX_210109,LP_230428_ITS,LY_T_2020__SP_020__BS_200603_W_1,LY_T_2020__SP_020__BS_200603_W_1__EX_210109,LY_T_2020__SP_020__BS_200603_W_1__EX_210109__LP_230428_ITS
T-030620-w-19,,19.0,2020-06-03,deep,21.0,middle,other,medium,C_10,C_10,other,,,,,,,elixir,,,,,,,,,1.0,2021-01-09,1.9,customized,ITS,1,3C,2023-04-27,2023-04-28,5.542880031419644,3,S513,TCGACTAG,N703,AGGCAGAA,123,T-2020-ITS-c-19,seq230710_GW4I8,,,2020,WASHED,amplicon,11,seq230710_GW4I8,/home/jovyan/work/CCRP/MATRIX/RawData/Microbiomics/Metagenomics/sequencing_runs/seq230710_GW4I8,T-2020-ITS-c-19_S19_L001_R1_001.fastq.gz,T-2020-ITS-c-19_S19_L001_R2_001.fastq.gz,T-030620-ITS-w-19_S19_L001_R1_001.fastq.gz,T-030620-ITS-w-19_S19_L001_R2_001.fastq.gz,T-2020-ITS-c-19,T-030620-ITS-w-19,T-030620-ITS-w-19,True,False,LY_T_2020,SP_019,LY_T_2020__SP_019,19.0,21.0,middle,other,medium,C_10,C_10,other,Elixir,BS_200603_W_1,EX_210109,LP_230428_ITS,LY_T_2020__SP_019__BS_200603_W_1,LY_T_2020__SP_019__BS_200603_W_1__EX_210109,LY_T_2020__SP_019__BS_200603_W_1__EX_210109__LP_230428_ITS
T-030620-w-18,,18.0,2020-06-03,deep,20.0,middle,other,small,C_10,C_10,other,,,,,,,elixir,,,,,,,,,1.0,2021-01-09,0.421,customized,ITS,1,3B,2023-04-27,2023-04-28,8.814437849703321,3,S511,TCTCTCCG,N703,AGGCAGAA,111,T-2020-ITS-c-18,seq230710_GW4I8,,,2020,WASHED,amplicon,11,seq230710_GW4I8,/home/jovyan/work/CCRP/MATRIX/RawData/Microbiomics/Metagenomics/sequencing_runs/seq230710_GW4I8,T-2020-ITS-c-18_S18_L001_R1_001.fastq.gz,T-2020-ITS-c-18_S18_L001_R2_001.fastq.gz,T-030620-ITS-w-18_S18_L001_R1_001.fastq.gz,T-030620-ITS-w-18_S18_L001_R2_001.fastq.gz,T-2020-ITS-c-18,T-030620-ITS-w-18,T-030620-ITS-w-18,True,False,LY_T_2020,SP_018,LY_T_2020__SP_018,18.0,20.0,middle,other,small,C_10,C_10,other,Elixir,BS_200603_W_1,EX_210109,LP_230428_ITS,LY_T_2020__SP_018__BS_200603_W_1,LY_T_2020__SP_018__BS_200603_W_1__EX_210109,LY_T_2020__SP_018__BS_200603_W_1__EX_210109__LP_230428_ITS
T-030620-w-17,,17.0,2020-06-03,deep,18.0,middle,cross,small,B_6,C_10,other,,,,,,,elixir,,,,,,,,,1.0,2021-01-09,0.304,customized,ITS,1,3A,2023-04-27,2023-04-28,13.108368032536712,3,S510,CGTCTAAT,N703,AGGCAGAA,99,T-2020-ITS-c-17,seq230710_GW4I8,,,2020,WASHED,amplicon,11,seq230710_GW4I8,/home/jovyan/work/CCRP/MATRIX/RawData/Microbiomics/Metagenomics/sequencing_runs/seq230710_GW4I8,T-2020-ITS-c-17_S17_L001_R1_001.fastq.gz,T-2020-ITS-c-17_S17_L001_R2_001.fastq.gz,T-030620-ITS-w-17_S17_L001_R1_001.fastq.gz,T-030620-ITS-w-17_S17_L001_R2_001.fastq.gz,T-2020-ITS-c-17,T-030620-ITS-w-17,T-030620-ITS-w-17,True,False,LY_T_2020,SP_017,LY_T_2020__SP_017,17.0,18.0,middle,cross,small,B_6,C_10,other,Elixir,BS_200603_W_1,EX_210109,LP_230428_ITS,LY_T_2020__SP_017__BS_200603_W_1,LY_T_2020__SP_017__BS_200603_W_1__EX_210109,LY_T_2020__SP_017__BS_200603_W_1__EX_210109__LP_230428_ITS
T-030620-w-16,,16.0,2020-06-03,deep,16.0,middle,diagonal,medium,B_6,C_10,Center,,,,,,,elixir,,,,,,,,,1.0,2021-01-09,0.142,customized,ITS,1,2H,2023-04-27,2023-04-28,12.742821478161808,3,S520,AAGGCTAT,N702,CGTACTAG,182,T-2020-ITS-c-16,seq230710_GW4I8,,,2020,WASHED,amplicon,11,seq230710_GW4I8,/home/jovyan/work/CCRP/MATRIX/RawData/Microbiomics/Metagenomics/sequencing_runs/seq230710_GW4I8,T-2020-ITS-c-16_S16_L001_R1_001.fastq.gz,T-2020-ITS-c-16_S16_L001_R2_001.fastq.gz,T-030620-ITS-w-16_S16_L001_R1_001.fastq.gz,T-030620-ITS-w-16_S16_L001_R2_001.fastq.gz,T-2020-ITS-c-16,T-030620-ITS-w-16,T-030620-ITS-w-16,True,False,LY_T_2020,SP_016,LY_T_2020__SP_016,16.0,16.0,middle,diagonal,medium,B_6,C_10,center,Elixir,BS_200603_W_1,EX_210109,LP_230428_ITS,LY_T_2020__SP_016__BS_200603_W_1,LY_T_2020__SP_016__BS_200603_W_1__EX_210109,LY_T_2020__SP_016__BS_200603_W_1__EX_210109__LP_230428_ITS
T-030620-w-15,,15.0,2020-06-03,deep,15.0,middle,cross,large,B_6,B_5,other,,,,,,,elixir,,,,,,,,,1.0,2021-01-09,0.828,customized,ITS,1,2G,2023-04-27,2023-04-28,9.734141632652975,3,S518,CTATTAAG,N702,CGTACTAG,170,T-2020-ITS-c-15,seq230710_GW4I8,,,2020,WASHED,amplicon,11,seq230710_GW4I8,/home/jovyan/work/CCRP/MATRIX/RawData/Microbiomics/Metagenomics/sequencing_runs/seq230710_GW4I8,T-2020-ITS-c-15_S15_L001_R1_001.fastq.gz,T-2020-ITS-c-15_S15_L001_R2_001.fastq.gz,T-030620-ITS-w-15_S15_L001_R1_001.fastq.gz,T-030620-ITS-w-15_S15_L001_R2_001.fastq.gz,T-2020-ITS-c-15,T-030620-ITS-w-15,T-030620-ITS-w-15,True,False,LY_T_2020,SP_015,LY_T_2020__SP_015,15.0,15.0,middle,cross,large,B_6,B_5,other,Elixir,BS_200603_W_1,EX_210109,LP_230428_ITS,LY_T_2020__SP_015__BS_200603_W_1,LY_T_2020__SP_015__BS_200603_W_1__EX_210109,LY_T_2020__SP_015__BS_200603_W_1__EX_210109__LP_230428_ITS
T-030620-w-14,,14.0,2020-06-03,deep,14.0,ext,cross,large,B_6,B_5,right,,,,,,,elixir,,,,,,,,,1.0,2021-01-09,0.451,customized,ITS,1,2F,2023-04-27,2023-04-28,10.93610755406632,3,S517,GCGTAAGA,N702,CGTACTAG,158,T-2020-ITS-c-14,seq230710_GW4I8,,,2020,WASHED,amplicon,11,seq230710_GW4I8,/home/jovyan/work/CCRP/MATRIX/RawData/Microbiomics/Metagenomics/sequencing_runs/seq230710_GW4I8,T-2020-ITS-c-14_S14_L001_R1_001.fastq.gz,T-2020-ITS-c-14_S14_L001_R2_001.fastq.gz,T-030620-ITS-w-14_S14_L001_R1_001.fastq.gz,T-030620-ITS-w-14_S14_L001_R2_001.fastq.gz,T-2020-ITS-c-14,T-030620-ITS-w-14,T-030620-ITS-w-14,True,False,LY_T_2020,SP_014,LY_T_2020__SP_014,14.0,14.0,ext,cross,large,B_6,B_5,right,Elixir,BS_200603_W_1,EX_210109,LP_230428_ITS,LY_T_2020__SP_014__BS_200603_W_1,LY_T_2020__SP_014__BS_200603_W_1__EX_210109,LY_T_2020__SP_014__BS_200603_W_1__EX_210109__LP_230428_ITS
T-030620-w-13,,13.0,2020-06-03,deep,13.0,ext,other,large,B_6,B_5,right,,,,,,,elixir,,,,,,,,,1.0,2021-01-09,0.244,customized,ITS,1,2E,2023-04-27,2023-04-28,3.071936769231191,3,S516,CCTAGAGT,N702,CGTACTAG,146,T-2020-ITS-c-13,seq230710_GW4I8,,,2020,WASHED,amplicon,11,seq230710_GW4I8,/home/jovyan/work/CCRP/MATRIX/RawData/Microbiomics/Metagenomics/sequencing_runs/seq230710_GW4I8,T-2020-ITS-c-13_S13_L001_R1_001.fastq.gz,T-2020-ITS-c-13_S13_L001_R2_001.fastq.gz,T-030620-ITS-w-13_S13_L001_R1_001.fastq.gz,T-030620-ITS-w-13_S13_L001_R2_001.fastq.gz,T-2020-ITS-c-13,T-030620-ITS-w-13,T-030620-ITS-w-13,True,False,LY_T_2020,SP_013,LY_T_2020__SP_013,13.0,13.0,ext,other,large,B_6,B_5,right,Elixir,BS_200603_W_1,EX_210109,LP_230428_ITS,LY_T_2020__SP_013__BS_200603_W_1,LY_T_2020__SP_013__BS_200603_W_1__EX_210109,LY_T_2020__SP_013__BS_200603_W_1__EX_210109__LP_230428_ITS
T-030620-w-12,,12.0,2020-06-03,deep,12.0,middle,diagonal,large,B_6,B_5,other,,,,,,,elixir,,,,,,,,,1.0,2021-01-09,0.189,customized,ITS,1,2D,2023-04-27,2023-04-28,11.328283607007238,3,S515,TTCTAGCT,N702,CGTACTAG,134,T-2020-ITS-c-12,seq230710_GW4I8,,,2020,WASHED,amplicon,11,seq230710_GW4I8,/home/jovyan/work/CCRP/MATRIX/RawData/Microbiomics/Metagenomics/sequencing_runs/seq230710_GW4I8,T-2020-ITS-c-12_S12_L001_R1_001.fastq.gz,T-2020-ITS-c-12_S12_L001_R2_001.fastq.gz,T-030620-ITS-w-12_S12_L001_R1_001.fastq.gz,T-030620-ITS-w-12_S12_L001_R2_001.fastq.gz,T-2020-ITS-c-12,T-030620-ITS-w-12,T-030620-ITS-w-12,True,False,LY_T_2020,SP_012,LY_T_2020__SP_012,12.0,12.0,middle,diagonal,large,B_6,B_5,other,Elixir,BS_200603_W_1,EX_210109,LP_230428_ITS,LY_T_2020__SP_012__BS_200603_W_1,LY_T_2020__SP_012__BS_200603_W_1__EX_210109,LY_T_2020__SP_012__BS_200603_W_1__EX_210109__LP_230428_ITS
T-030620-w-11,,11.0,2020-06-03,deep,11.0,middle,cross,large,A_3,B_5,Center,,,,,,,elixir,,,,,,,,,1.0,2021-01-09,0.377,customized,ITS,1,2C,2023-04-27,2023-04-28,1.9632215513111944,3,S513,TCGACTAG,N702,CGTACTAG,122,T-2020-ITS-c-11,seq230710_GW4I8,,,2020,WASHED,amplicon,11,seq230710_GW4I8,/home/jovyan/work/CCRP/MATRIX/RawData/Microbiomics/Metagenomics/sequencing_runs/seq230710_GW4I8,T-2020-ITS-c-11_S11_L001_R1_001.fastq.gz,T-2020-ITS-c-11_S11_L001_R2_001.fastq.gz,T-030620-ITS-w-11_S11_L001_R1_001.fastq.gz,T-030620-ITS-w-11_S11_L001_R2_001.fastq.gz,T-2020-ITS-c-11,T-030620-ITS-w-11,T-030620-ITS-w-11,True,False,LY_T_2020,SP_011,LY_T_2020__SP_011,11.0,11.0,middle,cross,large,A_3,B_5,center,Elixir,BS_200603_W_1,EX_210109,LP_230428_ITS,LY_T_2020__SP_011__BS_200603_W_1,LY_T_2020__SP_011__BS_200603_W_1__EX_210109,LY_T_2020__SP_011__BS_200603_W_1__EX_210109__LP_230428_ITS
T-030620-w-10,,10.0,2020-06-03,deep,10.0,middle,other,medium,A_3,A_2,other,,,,,,,elixir,,,,,,,,,1.0,2021-01-09,0.315,customized,ITS,1,2B,2023-04-27,2023-04-28,12.40937797077104,3,S511,TCTCTCCG,N702,CGTACTAG,110,T-2020-ITS-c-10,seq230710_GW4I8,,,2020,WASHED,amplicon,11,seq230710_GW4I8,/home/jovyan/work/CCRP/MATRIX/RawData/Microbiomics/Metagenomics/sequencing_runs/seq230710_GW4I8,T-2020-ITS-c-10_S10_L001_R1_001.fastq.gz,T-2020-ITS-c-10_S10_L001_R2_001.fastq.gz,T-030620-ITS-w-10_S10_L001_R1_001.fastq.gz,T-030620-ITS-w-10_S10_L001_R2_001.fastq.gz,T-2020-ITS-c-10,T-030620-ITS-w-10,T-030620-ITS-w-10,True,False,LY_T_2020,SP_010,LY_T_2020__SP_010,10.0,10.0,middle,other,medium,A_3,A_2,other,Elixir,BS_200603_W_1,EX_210109,LP_230428_ITS,LY_T_2020__SP_010__BS_200603_W_1,LY_T_2020__SP_010__BS_200603_W_1__EX_210109,LY_T_2020__SP_010__BS_200603_W_1__EX_210109__LP_230428_ITS
T-030620-w-9,,9.0,2020-06-03,deep,9.0,middle,other,medium,D_30,E_18,other,,,,,,,elixir,,,,,,,,,1.0,2021-01-09,1.27,customized,ITS,1,2A,2023-04-27,2023-04-28,11.809512921687338,3,S510,CGTCTAAT,N702,CGTACTAG,98,T-2020-ITS-c-9,seq230710_GW4I8,,,2020,WASHED,amplicon,11,seq230710_GW4I8,/home/jovyan/work/CCRP/MATRIX/RawData/Microbiomics/Metagenomics/sequencing_runs/seq230710_GW4I8,T-2020-ITS-c-9_S9_L001_R1_001.fastq.gz,T-2020-ITS-c-9_S9_L001_R2_001.fastq.gz,T-030620-ITS-w-9_S9_L001_R1_001.fastq.gz,T-030620-ITS-w-9_S9_L001_R2_001.fastq.gz,T-2020-ITS-c-9,T-030620-ITS-w-9,T-030620-ITS-w-9,True,False,LY_T_2020,SP_009,LY_T_2020__SP_009,9.0,9.0,middle,other,medium,D_30,E_18,other,Elixir,BS_200603_W_1,EX_210109,LP_230428_ITS,LY_T_2020__SP_009__BS_200603_W_1,LY_T_2020__SP_009__BS_200603_W_1__EX_210109,LY_T_2020__SP_009__BS_200603_W_1__EX_210109__LP_230428_ITS
T-030620-w-8,,8.0,2020-06-03,deep,8.0,middle,other,medium,D_30,E_18,other,,,,,,,elixir,,,,,,,,,1.0,2021-01-09,0.614,customized,ITS,1,1H,2023-04-27,2023-04-28,22.64152813878472,3,S520,AAGGCTAT,N701,TAAGGCGA,181,T-2020-ITS-c-8,seq230710_GW4I8,,,2020,WASHED,amplicon,11,seq230710_GW4I8,/home/jovyan/work/CCRP/MATRIX/RawData/Microbiomics/Metagenomics/sequencing_runs/seq230710_GW4I8,T-2020-ITS-c-8_S8_L001_R1_001.fastq.gz,T-2020-ITS-c-8_S8_L001_R2_001.fastq.gz,T-030620-ITS-w-8_S8_L001_R1_001.fastq.gz,T-030620-ITS-w-8_S8_L001_R2_001.fastq.gz,T-2020-ITS-c-8,T-030620-ITS-w-8,T-030620-ITS-w-8,True,False,LY_T_2020,SP_008,LY_T_2020__SP_008,8.0,8.0,middle,other,medium,D_30,E_18,other,Elixir,BS_200603_W_1,EX_210109,LP_230428_ITS,LY_T_2020__SP_008__BS_200603_W_1,LY_T_2020__SP_008__BS_200603_W_1__EX_210109,LY_T_2020__SP_008__BS_200603_W_1__EX_210109__LP_230428_ITS
T-030620-w-7,,7.0,2020-06-03,deep,7.0,middle,diagonal,large,D_30,E_18,other,,,,,,,elixir,,,,,,,,,1.0,2021-01-09,0.144,customized,ITS,1,1G,2023-04-27,2023-04-28,16.760416563400458,3,S518,CTATTAAG,N701,TAAGGCGA,169,T-2020-ITS-c-7,seq230710_GW4I8,,,2020,WASHED,amplicon,11,seq230710_GW4I8,/home/jovyan/work/CCRP/MATRIX/RawData/Microbiomics/Metagenomics/sequencing_runs/seq230710_GW4I8,T-2020-ITS-c-7_S7_L001_R1_001.fastq.gz,T-2020-ITS-c-7_S7_L001_R2_001.fastq.gz,T-030620-ITS-w-7_S7_L001_R1_001.fastq.gz,T-030620-ITS-w-7_S7_L001_R2_001.fastq.gz,T-2020-ITS-c-7,T-030620-ITS-w-7,T-030620-ITS-w-7,True,False,LY_T_2020,SP_007,LY_T_2020__SP_007,7.0,7.0,middle,diagonal,large,D_30,E_18,other,Elixir,BS_200603_W_1,EX_210109,LP_230428_ITS,LY_T_2020__SP_007__BS_200603_W_1,LY_T_2020__SP_007__BS_200603_W_1__EX_210109,LY_T_2020__SP_007__BS_200603_W_1__EX_210109__LP_230428_ITS
T-030620-w-6,,6.0,2020-06-03,deep,6.0,ext,other,large,D_30,E_18,left,,,,,,,elixir,,,,,,,,,1.0,2021-01-09,0.467,customized,ITS,1,1F,2023-04-27,2023-04-28,8.840476753449654,3,S517,GCGTAAGA,N701,TAAGGCGA,157,T-2020-ITS-c-6,seq230710_GW4I8,,,2020,WASHED,amplicon,11,seq230710_GW4I8,/home/jovyan/work/CCRP/MATRIX/RawData/Microbiomics/Metagenomics/sequencing_runs/seq230710_GW4I8,T-2020-ITS-c-6_S6_L001_R1_001.fastq.gz,T-2020-ITS-c-6_S6_L001_R2_001.fastq.gz,T-030620-ITS-w-6_S6_L001_R1_001.fastq.gz,T-030620-ITS-w-6_S6_L001_R2_001.fastq.gz,T-2020-ITS-c-6,T-030620-ITS-w-6,T-030620-ITS-w-6,True,False,LY_T_2020,SP_006,LY_T_2020__SP_006,6.0,6.0,ext,other,large,D_30,E_18,left,Elixir,BS_200603_W_1,EX_210109,LP_230428_ITS,LY_T_2020__SP_006__BS_200603_W_1,LY_T_2020__SP_006__BS_200603_W_1__EX_210109,LY_T_2020__SP_006__BS_200603_W_1__EX_210109__LP_230428_ITS
T-030620-w-5,,5.0,2020-06-03,deep,5.0,ext,diagonal,large,D_30,E_18,left,,,,,,,elixir,,,,,,,,,1.0,2021-01-09,0.306,customized,ITS,1,1E,2023-04-27,2023-04-28,20.789686442663896,3,S516,CCTAGAGT,N701,TAAGGCGA,145,T-2020-ITS-c-5,seq230710_GW4I8,,,2020,WASHED,amplicon,11,seq230710_GW4I8,/home/jovyan/work/CCRP/MATRIX/RawData/Microbiomics/Metagenomics/sequencing_runs/seq230710_GW4I8,T-2020-ITS-c-5_S5_L001_R1_001.fastq.gz,T-2020-ITS-c-5_S5_L001_R2_001.fastq.gz,T-030620-ITS-w-5_S5_L001_R1_001.fastq.gz,T-030620-ITS-w-5_S5_L001_R2_001.fastq.gz,T-2020-ITS-c-5,T-030620-ITS-w-5,T-030620-ITS-w-5,True,False,LY_T_2020,SP_005,LY_T_2020__SP_005,5.0,5.0,ext,diagonal,large,D_30,E_18,left,Elixir,BS_200603_W_1,EX_210109,LP_230428_ITS,LY_T_2020__SP_005__BS_200603_W_1,LY_T_2020__SP_005__BS_200603_W_1__EX_210109,LY_T_2020__SP_005__BS_200603_W_1__EX_210109__LP_230428_ITS
T-030620-w-4,,4.0,2020-06-03,deep,4.0,ext,other,large,D_30,E_18,other,,,,,,,elixir,,,,,,,,,1.0,2021-01-09,2.17,customized,ITS,1,1D,2023-04-27,2023-04-28,22.157630601079987,3,S515,TTCTAGCT,N701,TAAGGCGA,133,T-2020-ITS-c-4,seq230710_GW4I8,,,2020,WASHED,amplicon,11,seq230710_GW4I8,/home/jovyan/work/CCRP/MATRIX/RawData/Microbiomics/Metagenomics/sequencing_runs/seq230710_GW4I8,T-2020-ITS-c-4_S4_L001_R1_001.fastq.gz,T-2020-ITS-c-4_S4_L001_R2_001.fastq.gz,T-030620-ITS-w-4_S4_L001_R1_001.fastq.gz,T-030620-ITS-w-4_S4_L001_R2_001.fastq.gz,T-2020-ITS-c-4,T-030620-ITS-w-4,T-030620-ITS-w-4,True,False,LY_T_2020,SP_004,LY_T_2020__SP_004,4.0,4.0,ext,other,large,D_30,E_18,other,Elixir,BS_200603_W_1,EX_210109,LP_230428_ITS,LY_T_2020__SP_004__BS_200603_W_1,LY_T_2020__SP_004__BS_200603_W_1__EX_210109,LY_T_2020__SP_004__BS_200603_W_1__EX_210109__LP_230428_ITS
T-030620-w-3,,3.0,2020-06-03,deep,3.0,ext,cross,large,D_30,D_15,Center,,,,,,,elixir,,,,,,,,,1.0,2021-01-09,0.679,customized,ITS,1,1C,2023-04-27,2023-04-28,10.039479154428523,3,S513,TCGACTAG,N701,TAAGGCGA,121,T-2020-ITS-c-3,seq230710_GW4I8,,,2020,WASHED,amplicon,11,seq230710_GW4I8,/home/jovyan/work/CCRP/MATRIX/RawData/Microbiomics/Metagenomics/sequencing_runs/seq230710_GW4I8,T-2020-ITS-c-3_S3_L001_R1_001.fastq.gz,T-2020-ITS-c-3_S3_L001_R2_001.fastq.gz,T-030620-ITS-w-3_S3_L001_R1_001.fastq.gz,T-030620-ITS-w-3_S3_L001_R2_001.fastq.gz,T-2020-ITS-c-3,T-030620-ITS-w-3,T-030620-ITS-w-3,True,False,LY_T_2020,SP_003,LY_T_2020__SP_003,3.0,3.0,ext,cross,large,D_30,D_15,center,Elixir,BS_200603_W_1,EX_210109,LP_230428_ITS,LY_T_2020__SP_003__BS_200603_W_1,LY_T_2020__SP_003__BS_200603_W_1__EX_210109,LY_T_2020__SP_003__BS_200603_W_1__EX_210109__LP_230428_ITS
T-030620-w-2,,2.0,2020-06-03,deep,2.0,ext,other,large,C_10,C_10,other,,,,,,,elixir,,,,,,,,,1.0,2021-01-09,0.63,customized,ITS,1,1B,2023-04-27,2023-04-28,22.872007767165584,3,S511,TCTCTCCG,N701,TAAGGCGA,109,T-2020-ITS-c-2,seq230710_GW4I8,,,2020,WASHED,amplicon,11,seq230710_GW4I8,/home/jovyan/work/CCRP/MATRIX/RawData/Microbiomics/Metagenomics/sequencing_runs/seq230710_GW4I8,T-2020-ITS-c-2_S2_L001_R1_001.fastq.gz,T-2020-ITS-c-2_S2_L001_R2_001.fastq.gz,T-030620-ITS-w-2_S2_L001_R1_001.fastq.gz,T-030620-ITS-w-2_S2_L001_R2_001.fastq.gz,T-2020-ITS-c-2,T-030620-ITS-w-2,T-030620-ITS-w-2,True,False,LY_T_2020,SP_002,LY_T_2020__SP_002,2.0,2.0,ext,other,large,C_10,C_10,other,Elixir,BS_200603_W_1,EX_210109,LP_230428_ITS,LY_T_2020__SP_002__BS_200603_W_1,LY_T_2020__SP_002__BS_200603_W_1__EX_210109,LY_T_2020__SP_002__BS_200603_W_1__EX_210109__LP_230428_ITS
T-030620-w-25,,25.0,2020-06-03,deep,27.0,middle,other,medium,C_10,D_15,other,,,,,,,elixir,,,,,,,,,1.0,2021-01-09,0.622,customized,ITS,1,4A,2023-04-27,2023-04-28,8.666504393709069,3,S510,CGTCTAAT,N704,TCCTGAGC,100,T-2020-ITS-c-25,seq230710_GW4I8,,,2020,WASHED,amplicon,11,seq230710_GW4I8,/home/jovyan/work/CCRP/MATRIX/RawData/Microbiomics/Metagenomics/sequencing_runs/seq230710_GW4I8,T-2020-ITS-c-25_S25_L001_R1_001.fastq.gz,T-2020-ITS-c-25_S25_L001_R2_001.fastq.gz,T-030620-ITS-w-25_S25_L001_R1_001.fastq.gz,T-030620-ITS-w-25_S25_L001_R2_001.fastq.gz,T-2020-ITS-c-25,T-030620-ITS-w-25,T-030620-ITS-w-25,True,False,LY_T_2020,SP_025,LY_T_2020__SP_025,25.0,27.0,middle,other,medium,C_10,D_15,other,Elixir,BS_200603_W_1,EX_210109,LP_230428_ITS,LY_T_2020__SP_025__BS_200603_W_1,LY_T_2020__SP_025__BS_200603_W_1__EX_210109,LY_T_2020__SP_025__BS_200603_W_1__EX_210109__LP_230428_ITS
T-030620-w-26,,26.0,2020-06-03,deep,28.0,middle,other,medium,C_10,D_15,other,,,,,,,elixir,,,,,,,,,1.0,2021-01-09,0.855,customized,ITS,1,4B,2023-04-27,2023-04-28,10.901199181688693,3,S511,TCTCTCCG,N704,TCCTGAGC,112,T-2020-ITS-c-26,seq230710_GW4I8,,,2020,WASHED,amplicon,11,seq230710_GW4I8,/home/jovyan/work/CCRP/MATRIX/RawData/Microbiomics/Metagenomics/sequencing_runs/seq230710_GW4I8,T-2020-ITS-c-26_S26_L001_R1_001.fastq.gz,T-2020-ITS-c-26_S26_L001_R2_001.fastq.gz,T-030620-ITS-w-26_S26_L001_R1_001.fastq.gz,T-030620-ITS-w-26_S26_L001_R2_001.fastq.gz,T-2020-ITS-c-26,T-030620-ITS-w-26,T-030620-ITS-w-26,True,False,LY_T_2020,SP_026,LY_T_2020__SP_026,26.0,28.0,middle,other,medium,C_10,D_15,other,Elixir,BS_200603_W_1,EX_210109,LP_230428_ITS,LY_T_2020__SP_026__BS_200603_W_1,LY_T_2020__SP_026__BS_200603_W_1__EX_210109,LY_T_2020__SP_026__BS_200603_W_1__EX_210109__LP_230428_ITS
T-030620-w-27,,27.0,2020-06-03,deep,29.0,middle,other,medium,D_30,D_15,other,,,,,,,elixir,,,,,,,,,1.0,2021-01-09,0.962,customized,ITS,1,4C,2023-04-27,2023-04-28,5.766114326923341,3,S513,TCGACTAG,N704,TCCTGAGC,124,T-2020-ITS-c-27,seq230710_GW4I8,,,2020,WASHED,amplicon,11,seq230710_GW4I8,/home/jovyan/work/CCRP/MATRIX/RawData/Microbiomics/Metagenomics/sequencing_runs/seq230710_GW4I8,T-2020-ITS-c-27_S27_L001_R1_001.fastq.gz,T-2020-ITS-c-27_S27_L001_R2_001.fastq.gz,T-030620-ITS-w-27_S27_L001_R1_001.fastq.gz,T-030620-ITS-w-27_S27_L001_R2_001.fastq.gz,T-2020-ITS-c-27,T-030620-ITS-w-27,T-030620-ITS-w-27,True,False,LY_T_2020,SP_027,LY_T_2020__SP_027,27.0,29.0,middle,other,medium,D_30,D_15,other,Elixir,BS_200603_W_1,EX_210109,LP_230428_ITS,LY_T_2020__SP_027__BS_200603_W_1,LY_T_2020__SP_027__BS_200603_W_1__EX_210109,LY_T_2020__SP_027__BS_200603_W_1__EX_210109__LP_230428_ITS
T-030620-w-28,,28.0,2020-06-03,deep,30.0,middle,other,medium,D_30,D_15,Center,,,,,,,elixir,,,,,,,,,1.0,2021-01-09,0.571,customized,ITS,1,4D,2023-04-27,2023-04-28,6.292756164702552,3,S515,TTCTAGCT,N704,TCCTGAGC,136,T-2020-ITS-c-28,seq230710_GW4I8,,,2020,WASHED,amplicon,11,seq230710_GW4I8,/home/jovyan/work/CCRP/MATRIX/RawData/Microbiomics/Metagenomics/sequencing_runs/seq230710_GW4I8,T-2020-ITS-c-28_S28_L001_R1_001.fastq.gz,T-2020-ITS-c-28_S28_L001_R2_001.fastq.gz,T-030620-ITS-w-28_S28_L001_R1_001.fastq.gz,T-030620-ITS-w-28_S28_L001_R2_001.fastq.gz,T-2020-ITS-c-28,T-030620-ITS-w-28,T-030620-ITS-w-28,True,False,LY_T_2020,SP_028,LY_T_2020__SP_028,28.0,30.0,middle,other,medium,D_30,D_15,center,Elixir,BS_200603_W_1,EX_210109,LP_230428_ITS,LY_T_2020__SP_028__BS_200603_W_1,LY_T_2020__SP_028__BS_200603_W_1__EX_210109,LY_T_2020__SP_028__BS_200603_W_1__EX_210109__LP_230428_ITS
T-030620-w-50,,50.0,2020-06-03,deep,67.0,ext,diagonal,large,D_30,E_18,left,,,,,,,elixir,,,,,,,,,1.0,2021-01-09,0.34,customized,ITS,1,7B,2023-04-27,2023-04-28,7.700502195430778,3,S511,TCTCTCCG,N707,CTCTCTAC,115,T-2020-ITS-c-50,seq230710_GW4I8,,,2020,WASHED,amplicon,11,seq230710_GW4I8,/home/jovyan/work/CCRP/MATRIX/RawData/Microbiomics/Metagenomics/sequencing_runs/seq230710_GW4I8,T-2020-ITS-c-50_S50_L001_R1_001.fastq.gz,T-2020-ITS-c-50_S50_L001_R2_001.fastq.gz,T-030620-ITS-w-50_S50_L001_R1_001.fastq.gz,T-030620-ITS-w-50_S50_L001_R2_001.fastq.gz,T-2020-ITS-c-50,T-030620-ITS-w-50,T-030620-ITS-w-50,True,False,LY_T_2020,SP_050,LY_T_2020__SP_050,50.0,67.0,ext,diagonal,large,D_30,E_18,left,Elixir,BS_200603_W_1,EX_210109,LP_230428_ITS,LY_T_2020__SP_050__BS_200603_W_1,LY_T_2020__SP_050__BS_200603_W_1__EX_210109,LY_T_2020__SP_050__BS_200603_W_1__EX_210109__LP_230428_ITS
T-030620-w-49,,49.0,2020-06-03,deep,66.0,ext,other,large,D_30,E_18,other,,,,,,,elixir,,,,,,,,,1.0,2021-01-09,0.311,customized,ITS,1,7A,2023-04-27,2023-04-28,9.659737231709121,3,S510,CGTCTAAT,N707,CTCTCTAC,103,T-2020-ITS-c-49,seq230710_GW4I8,,,2020,WASHED,amplicon,11,seq230710_GW4I8,/home/jovyan/work/CCRP/MATRIX/RawData/Microbiomics/Metagenomics/sequencing_runs/seq230710_GW4I8,T-2020-ITS-c-49_S49_L001_R1_001.fastq.gz,T-2020-ITS-c-49_S49_L001_R2_001.fastq.gz,T-030620-ITS-w-49_S49_L001_R1_001.fastq.gz,T-030620-ITS-w-49_S49_L001_R2_001.fastq.gz,T-2020-ITS-c-49,T-030620-ITS-w-49,T-030620-ITS-w-49,True,False,LY_T_2020,SP_049,LY_T_2020__SP_049,49.0,66.0,ext,other,large,D_30,E_18,other,Elixir,BS_200603_W_1,EX_210109,LP_230428_ITS,LY_T_2020__SP_049__BS_200603_W_1,LY_T_2020__SP_049__BS_200603_W_1__EX_210109,LY_T_2020__SP_049__BS_200603_W_1__EX_210109__LP_230428_ITS
T-030620-w-48,,48.0,2020-06-03,deep,65.0,ext,cross,large,D_30,E_18,Center,,,,,,,elixir,,,,,,,,,1.0,2021-01-09,3.3,customized,ITS,1,6H,2023-04-27,2023-04-28,10.817018327211889,3,S520,AAGGCTAT,N706,TAGGCATG,186,T-2020-ITS-c-48,seq230710_GW4I8,,Alex_destroyed,2020,WASHED,amplicon,11,seq230710_GW4I8,/home/jovyan/work/CCRP/MATRIX/RawData/Microbiomics/Metagenomics/sequencing_runs/seq230710_GW4I8,T-2020-ITS-c-48_S48_L001_R1_001.fastq.gz,T-2020-ITS-c-48_S48_L001_R2_001.fastq.gz,T-030620-ITS-w-48_S48_L001_R1_001.fastq.gz,T-030620-ITS-w-48_S48_L001_R2_001.fastq.gz,T-2020-ITS-c-48,T-030620-ITS-w-48,T-030620-ITS-w-48,True,False,LY_T_2020,SP_048,LY_T_2020__SP_048,48.0,65.0,ext,cross,large,D_30,E_18,center,Elixir,BS_200603_W_1,EX_210109,LP_230428_ITS,LY_T_2020__SP_048__BS_200603_W_1,LY_T_2020__SP_048__BS_200603_W_1__EX_210109,LY_T_2020__SP_048__BS_200603_W_1__EX_210109__LP_230428_ITS
T-030620-w-47,,47.0,2020-06-03,deep,64.0,ext,other,large,D_30,E_18,other,,,,,,,elixir,,,,,,,,,1.0,2021-01-09,2.2,customized,ITS,1,6G,2023-04-27,2023-04-28,8.469604299361546,3,S518,CTATTAAG,N706,TAGGCATG,174,T-2020-ITS-c-47,seq230710_GW4I8,,,2020,WASHED,amplicon,11,seq230710_GW4I8,/home/jovyan/work/CCRP/MATRIX/RawData/Microbiomics/Metagenomics/sequencing_runs/seq230710_GW4I8,T-2020-ITS-c-47_S47_L001_R1_001.fastq.gz,T-2020-ITS-c-47_S47_L001_R2_001.fastq.gz,T-030620-ITS-w-47_S47_L001_R1_001.fastq.gz,T-030620-ITS-w-47_S47_L001_R2_001.fastq.gz,T-2020-ITS-c-47,T-030620-ITS-w-47,T-030620-ITS-w-47,True,False,LY_T_2020,SP_047,LY_T_2020__SP_047,47.0,64.0,ext,other,large,D_30,E_18,other,Elixir,BS_200603_W_1,EX_210109,LP_230428_ITS,LY_T_2020__SP_047__BS_200603_W_1,LY_T_2020__SP_047__BS_200603_W_1__EX_210109,LY_T_2020__SP_047__BS_200603_W_1__EX_210109__LP_230428_ITS
T-030620-w-46,,46.0,2020-06-03,deep,63.0,ext,diagonal,large,D_30,E_18,right,,,,,,,elixir,,,,,,,,,1.0,2021-01-09,0.571,customized,ITS,1,6F,2023-04-27,2023-04-28,1.7868657196197497,3,S517,GCGTAAGA,N706,TAGGCATG,162,T-2020-ITS-c-46,seq230710_GW4I8,,,2020,WASHED,amplicon,11,seq230710_GW4I8,/home/jovyan/work/CCRP/MATRIX/RawData/Microbiomics/Metagenomics/sequencing_runs/seq230710_GW4I8,T-2020-ITS-c-46_S46_L001_R1_001.fastq.gz,T-2020-ITS-c-46_S46_L001_R2_001.fastq.gz,T-030620-ITS-w-46_S46_L001_R1_001.fastq.gz,T-030620-ITS-w-46_S46_L001_R2_001.fastq.gz,T-2020-ITS-c-46,T-030620-ITS-w-46,T-030620-ITS-w-46,True,False,LY_T_2020,SP_046,LY_T_2020__SP_046,46.0,63.0,ext,diagonal,large,D_30,E_18,right,Elixir,BS_200603_W_1,EX_210109,LP_230428_ITS,LY_T_2020__SP_046__BS_200603_W_1,LY_T_2020__SP_046__BS_200603_W_1__EX_210109,LY_T_2020__SP_046__BS_200603_W_1__EX_210109__LP_230428_ITS
T-030620-w-45,,45.0,2020-06-03,deep,62.0,ext,other,large,D_30,E_18,right,,,,,,,elixir,,,,,,,,,1.0,2021-01-09,1.62,customized,ITS,1,6E,2023-04-27,2023-04-28,4.71666951769285,3,S516,CCTAGAGT,N706,TAGGCATG,150,T-2020-ITS-c-45,seq230710_GW4I8,,,2020,WASHED,amplicon,11,seq230710_GW4I8,/home/jovyan/work/CCRP/MATRIX/RawData/Microbiomics/Metagenomics/sequencing_runs/seq230710_GW4I8,T-2020-ITS-c-45_S45_L001_R1_001.fastq.gz,T-2020-ITS-c-45_S45_L001_R2_001.fastq.gz,T-030620-ITS-w-45_S45_L001_R1_001.fastq.gz,T-030620-ITS-w-45_S45_L001_R2_001.fastq.gz,T-2020-ITS-c-45,T-030620-ITS-w-45,T-030620-ITS-w-45,True,False,LY_T_2020,SP_045,LY_T_2020__SP_045,45.0,62.0,ext,other,large,D_30,E_18,right,Elixir,BS_200603_W_1,EX_210109,LP_230428_ITS,LY_T_2020__SP_045__BS_200603_W_1,LY_T_2020__SP_045__BS_200603_W_1__EX_210109,LY_T_2020__SP_045__BS_200603_W_1__EX_210109__LP_230428_ITS
T-030620-w-44,,44.0,2020-06-03,deep,61.0,middle,diagonal,large,D_30,E_18,other,,,,,,,elixir,,,,,,,,,1.0,2021-01-09,1.19,customized,ITS,1,6D,2023-04-27,2023-04-28,6.93271838350823,3,S515,TTCTAGCT,N706,TAGGCATG,138,T-2020-ITS-c-44,seq230710_GW4I8,,Alex_rust,2020,WASHED,amplicon,11,seq230710_GW4I8,/home/jovyan/work/CCRP/MATRIX/RawData/Microbiomics/Metagenomics/sequencing_runs/seq230710_GW4I8,T-2020-ITS-c-44_S44_L001_R1_001.fastq.gz,T-2020-ITS-c-44_S44_L001_R2_001.fastq.gz,T-030620-ITS-w-44_S44_L001_R1_001.fastq.gz,T-030620-ITS-w-44_S44_L001_R2_001.fastq.gz,T-2020-ITS-c-44,T-030620-ITS-w-44,T-030620-ITS-w-44,True,False,LY_T_2020,SP_044,LY_T_2020__SP_044,44.0,61.0,middle,diagonal,large,D_30,E_18,other,Elixir,BS_200603_W_1,EX_210109,LP_230428_ITS,LY_T_2020__SP_044__BS_200603_W_1,LY_T_2020__SP_044__BS_200603_W_1__EX_210109,LY_T_2020__SP_044__BS_200603_W_1__EX_210109__LP_230428_ITS
T-030620-w-43,,43.0,2020-06-03,deep,60.0,middle,cross,large,D_30,E_18,Center,,,,,,,elixir,,,,,,,,,1.0,2021-01-09,1.03,customized,ITS,1,6C,2023-04-27,2023-04-28,6.2841819934810985,3,S513,TCGACTAG,N706,TAGGCATG,126,T-2020-ITS-c-43,seq230710_GW4I8,,Alex_rust,2020,WASHED,amplicon,11,seq230710_GW4I8,/home/jovyan/work/CCRP/MATRIX/RawData/Microbiomics/Metagenomics/sequencing_runs/seq230710_GW4I8,T-2020-ITS-c-43_S43_L001_R1_001.fastq.gz,T-2020-ITS-c-43_S43_L001_R2_001.fastq.gz,T-030620-ITS-w-43_S43_L001_R1_001.fastq.gz,T-030620-ITS-w-43_S43_L001_R2_001.fastq.gz,T-2020-ITS-c-43,T-030620-ITS-w-43,T-030620-ITS-w-43,True,False,LY_T_2020,SP_043,LY_T_2020__SP_043,43.0,60.0,middle,cross,large,D_30,E_18,center,Elixir,BS_200603_W_1,EX_210109,LP_230428_ITS,LY_T_2020__SP_043__BS_200603_W_1,LY_T_2020__SP_043__BS_200603_W_1__EX_210109,LY_T_2020__SP_043__BS_200603_W_1__EX_210109__LP_230428_ITS
T-030620-w-42,,42.0,2020-06-03,deep,59.0,middle,diagonal,large,D_30,E_18,other,,,,,,,elixir,,,,,,,,,1.0,2021-01-09,0.437,customized,ITS,1,6B,2023-04-27,2023-04-28,7.836592116023196,3,S511,TCTCTCCG,N706,TAGGCATG,114,T-2020-ITS-c-42,seq230710_GW4I8,,,2020,WASHED,amplicon,11,seq230710_GW4I8,/home/jovyan/work/CCRP/MATRIX/RawData/Microbiomics/Metagenomics/sequencing_runs/seq230710_GW4I8,T-2020-ITS-c-42_S42_L001_R1_001.fastq.gz,T-2020-ITS-c-42_S42_L001_R2_001.fastq.gz,T-030620-ITS-w-42_S42_L001_R1_001.fastq.gz,T-030620-ITS-w-42_S42_L001_R2_001.fastq.gz,T-2020-ITS-c-42,T-030620-ITS-w-42,T-030620-ITS-w-42,True,False,LY_T_2020,SP_042,LY_T_2020__SP_042,42.0,59.0,middle,diagonal,large,D_30,E_18,other,Elixir,BS_200603_W_1,EX_210109,LP_230428_ITS,LY_T_2020__SP_042__BS_200603_W_1,LY_T_2020__SP_042__BS_200603_W_1__EX_210109,LY_T_2020__SP_042__BS_200603_W_1__EX_210109__LP_230428_ITS
T-030620-w-1,,1.0,2020-06-03,deep,1.0,ext,diagonal,large,A_3,A_2,right,,,,,,,elixir,,,,,,,,,1.0,2021-01-09,0.442,customized,ITS,1,1A,2023-04-27,2023-04-28,15.025597012265179,3,S510,CGTCTAAT,N701,TAAGGCGA,97,T-2020-ITS-c-1,seq230710_GW4I8,,,2020,WASHED,amplicon,11,seq230710_GW4I8,/home/jovyan/work/CCRP/MATRIX/RawData/Microbiomics/Metagenomics/sequencing_runs/seq230710_GW4I8,T-2020-ITS-c-1_S1_L001_R1_001.fastq.gz,T-2020-ITS-c-1_S1_L001_R2_001.fastq.gz,T-030620-ITS-w-1_S1_L001_R1_001.fastq.gz,T-030620-ITS-w-1_S1_L001_R2_001.fastq.gz,T-2020-ITS-c-1,T-030620-ITS-w-1,T-030620-ITS-w-1,True,False,LY_T_2020,SP_001,LY_T_2020__SP_001,1.0,1.0,ext,diagonal,large,A_3,A_2,right,Elixir,BS_200603_W_1,EX_210109,LP_230428_ITS,LY_T_2020__SP_001__BS_200603_W_1,LY_T_2020__SP_001__BS_200603_W_1__EX_210109,LY_T_2020__SP_001__BS_200603_W_1__EX_210109__LP_230428_ITS
T-030620-w-41,,41.0,2020-06-03,deep,58.0,ext,other,large,D_30,E_18,left,,,,,,,elixir,,,,,,,,,1.0,2021-01-09,0.808,customized,ITS,1,6A,2023-04-27,2023-04-28,12.285268687949314,3,S510,CGTCTAAT,N706,TAGGCATG,102,T-2020-ITS-c-41,seq230710_GW4I8,,,2020,WASHED,amplicon,11,seq230710_GW4I8,/home/jovyan/work/CCRP/MATRIX/RawData/Microbiomics/Metagenomics/sequencing_runs/seq230710_GW4I8,T-2020-ITS-c-41_S41_L001_R1_001.fastq.gz,T-2020-ITS-c-41_S41_L001_R2_001.fastq.gz,T-030620-ITS-w-41_S41_L001_R1_001.fastq.gz,T-030620-ITS-w-41_S41_L001_R2_001.fastq.gz,T-2020-ITS-c-41,T-030620-ITS-w-41,T-030620-ITS-w-41,True,False,LY_T_2020,SP_041,LY_T_2020__SP_041,41.0,58.0,ext,other,large,D_30,E_18,left,Elixir,BS_200603_W_1,EX_210109,LP_230428_ITS,LY_T_2020__SP_041__BS_200603_W_1,LY_T_2020__SP_041__BS_200603_W_1__EX_210109,LY_T_2020__SP_041__BS_200603_W_1__EX_210109__LP_230428_ITS
T-030620-w-39,,39.0,2020-06-03,deep,51.0,middle,other,small,D_30,E_18,other,,,,,,,elixir,,,,,,,,,1.0,2021-01-09,1.07,customized,ITS,1,5G,2023-04-27,2023-04-28,7.682446868086218,3,S518,CTATTAAG,N705,GGACTCCT,173,T-2020-ITS-c-39,seq230710_GW4I8,,,2020,WASHED,amplicon,11,seq230710_GW4I8,/home/jovyan/work/CCRP/MATRIX/RawData/Microbiomics/Metagenomics/sequencing_runs/seq230710_GW4I8,T-2020-ITS-c-39_S39_L001_R1_001.fastq.gz,T-2020-ITS-c-39_S39_L001_R2_001.fastq.gz,T-030620-ITS-w-39_S39_L001_R1_001.fastq.gz,T-030620-ITS-w-39_S39_L001_R2_001.fastq.gz,T-2020-ITS-c-39,T-030620-ITS-w-39,T-030620-ITS-w-39,True,False,LY_T_2020,SP_039,LY_T_2020__SP_039,39.0,51.0,middle,other,small,D_30,E_18,other,Elixir,BS_200603_W_1,EX_210109,LP_230428_ITS,LY_T_2020__SP_039__BS_200603_W_1,LY_T_2020__SP_039__BS_200603_W_1__EX_210109,LY_T_2020__SP_039__BS_200603_W_1__EX_210109__LP_230428_ITS
T-030620-w-38,,38.0,2020-06-03,deep,49.0,middle,other,small,D_30,D_15,other,,,,,,,elixir,,,,,,,,,1.0,2021-01-09,1.02,customized,ITS,1,5F,2023-04-27,2023-04-28,6.54483468934607,3,S517,GCGTAAGA,N705,GGACTCCT,161,T-2020-ITS-c-38,seq230710_GW4I8,,,2020,WASHED,amplicon,11,seq230710_GW4I8,/home/jovyan/work/CCRP/MATRIX/RawData/Microbiomics/Metagenomics/sequencing_runs/seq230710_GW4I8,T-2020-ITS-c-38_S38_L001_R1_001.fastq.gz,T-2020-ITS-c-38_S38_L001_R2_001.fastq.gz,T-030620-ITS-w-38_S38_L001_R1_001.fastq.gz,T-030620-ITS-w-38_S38_L001_R2_001.fastq.gz,T-2020-ITS-c-38,T-030620-ITS-w-38,T-030620-ITS-w-38,True,False,LY_T_2020,SP_038,LY_T_2020__SP_038,38.0,49.0,middle,other,small,D_30,D_15,other,Elixir,BS_200603_W_1,EX_210109,LP_230428_ITS,LY_T_2020__SP_038__BS_200603_W_1,LY_T_2020__SP_038__BS_200603_W_1__EX_210109,LY_T_2020__SP_038__BS_200603_W_1__EX_210109__LP_230428_ITS
T-030620-w-37,,37.0,2020-06-03,deep,47.0,middle,other,small,D_30,D_15,other,,,,,,,elixir,,,,,,,,,1.0,2021-01-09,2.09,customized,ITS,1,5E,2023-04-27,2023-04-28,6.927835429909789,3,S516,CCTAGAGT,N705,GGACTCCT,149,T-2020-ITS-c-37,seq230710_GW4I8,,Alex_destroyed,2020,WASHED,amplicon,11,seq230710_GW4I8,/home/jovyan/work/CCRP/MATRIX/RawData/Microbiomics/Metagenomics/sequencing_runs/seq230710_GW4I8,T-2020-ITS-c-37_S37_L001_R1_001.fastq.gz,T-2020-ITS-c-37_S37_L001_R2_001.fastq.gz,T-030620-ITS-w-37_S37_L001_R1_001.fastq.gz,T-030620-ITS-w-37_S37_L001_R2_001.fastq.gz,T-2020-ITS-c-37,T-030620-ITS-w-37,T-030620-ITS-w-37,True,False,LY_T_2020,SP_037,LY_T_2020__SP_037,37.0,47.0,middle,other,small,D_30,D_15,other,Elixir,BS_200603_W_1,EX_210109,LP_230428_ITS,LY_T_2020__SP_037__BS_200603_W_1,LY_T_2020__SP_037__BS_200603_W_1__EX_210109,LY_T_2020__SP_037__BS_200603_W_1__EX_210109__LP_230428_ITS
T-030620-w-36,,36.0,2020-06-03,deep,41.0,middle,other,small,D_30,D_15,other,,,,,,,elixir,,,,,,,,,1.0,2021-01-09,1.33,customized,ITS,1,5D,2023-04-27,2023-04-28,0.44640531299099784,3,S515,TTCTAGCT,N705,GGACTCCT,137,T-2020-ITS-c-36,seq230710_GW4I8,,,2020,WASHED,amplicon,11,seq230710_GW4I8,/home/jovyan/work/CCRP/MATRIX/RawData/Microbiomics/Metagenomics/sequencing_runs/seq230710_GW4I8,T-2020-ITS-c-36_S36_L001_R1_001.fastq.gz,T-2020-ITS-c-36_S36_L001_R2_001.fastq.gz,T-030620-ITS-w-36_S36_L001_R1_001.fastq.gz,T-030620-ITS-w-36_S36_L001_R2_001.fastq.gz,T-2020-ITS-c-36,T-030620-ITS-w-36,T-030620-ITS-w-36,True,False,LY_T_2020,SP_036,LY_T_2020__SP_036,36.0,41.0,middle,other,small,D_30,D_15,other,Elixir,BS_200603_W_1,EX_210109,LP_230428_ITS,LY_T_2020__SP_036__BS_200603_W_1,LY_T_2020__SP_036__BS_200603_W_1__EX_210109,LY_T_2020__SP_036__BS_200603_W_1__EX_210109__LP_230428_ITS
T-030620-w-35,,35.0,2020-06-03,deep,39.0,middle,other,small,D_30,D_15,other,,,,,,,elixir,,,,,,,,,1.0,2021-01-09,0.948,customized,ITS,1,5C,2023-04-27,2023-04-28,5.818635080530767,3,S513,TCGACTAG,N705,GGACTCCT,125,T-2020-ITS-c-35,seq230710_GW4I8,,,2020,WASHED,amplicon,11,seq230710_GW4I8,/home/jovyan/work/CCRP/MATRIX/RawData/Microbiomics/Metagenomics/sequencing_runs/seq230710_GW4I8,T-2020-ITS-c-35_S35_L001_R1_001.fastq.gz,T-2020-ITS-c-35_S35_L001_R2_001.fastq.gz,T-030620-ITS-w-35_S35_L001_R1_001.fastq.gz,T-030620-ITS-w-35_S35_L001_R2_001.fastq.gz,T-2020-ITS-c-35,T-030620-ITS-w-35,T-030620-ITS-w-35,True,False,LY_T_2020,SP_035,LY_T_2020__SP_035,35.0,39.0,middle,other,small,D_30,D_15,other,Elixir,BS_200603_W_1,EX_210109,LP_230428_ITS,LY_T_2020__SP_035__BS_200603_W_1,LY_T_2020__SP_035__BS_200603_W_1__EX_210109,LY_T_2020__SP_035__BS_200603_W_1__EX_210109__LP_230428_ITS
T-030620-w-34,,34.0,2020-06-03,deep,37.0,middle,other,small,D_30,D_15,other,,,,,,,elixir,,,,,,,,,1.0,2021-01-09,1.04,customized,ITS,1,5B,2023-04-27,2023-04-28,11.802699988588865,3,S511,TCTCTCCG,N705,GGACTCCT,113,T-2020-ITS-c-34,seq230710_GW4I8,,,2020,WASHED,amplicon,11,seq230710_GW4I8,/home/jovyan/work/CCRP/MATRIX/RawData/Microbiomics/Metagenomics/sequencing_runs/seq230710_GW4I8,T-2020-ITS-c-34_S34_L001_R1_001.fastq.gz,T-2020-ITS-c-34_S34_L001_R2_001.fastq.gz,T-030620-ITS-w-34_S34_L001_R1_001.fastq.gz,T-030620-ITS-w-34_S34_L001_R2_001.fastq.gz,T-2020-ITS-c-34,T-030620-ITS-w-34,T-030620-ITS-w-34,True,False,LY_T_2020,SP_034,LY_T_2020__SP_034,34.0,37.0,middle,other,small,D_30,D_15,other,Elixir,BS_200603_W_1,EX_210109,LP_230428_ITS,LY_T_2020__SP_034__BS_200603_W_1,LY_T_2020__SP_034__BS_200603_W_1__EX_210109,LY_T_2020__SP_034__BS_200603_W_1__EX_210109__LP_230428_ITS
T-030620-w-33,,33.0,2020-06-03,deep,36.0,middle,other,medium,D_30,D_15,other,,,,,,,elixir,,,,,,,,,1.0,2021-01-09,3.0,customized,ITS,1,5A,2023-04-27,2023-04-28,7.729937019390283,3,S510,CGTCTAAT,N705,GGACTCCT,101,T-2020-ITS-c-33,seq230710_GW4I8,,Alex_broken,2020,WASHED,amplicon,11,seq230710_GW4I8,/home/jovyan/work/CCRP/MATRIX/RawData/Microbiomics/Metagenomics/sequencing_runs/seq230710_GW4I8,T-2020-ITS-c-33_S33_L001_R1_001.fastq.gz,T-2020-ITS-c-33_S33_L001_R2_001.fastq.gz,T-030620-ITS-w-33_S33_L001_R1_001.fastq.gz,T-030620-ITS-w-33_S33_L001_R2_001.fastq.gz,T-2020-ITS-c-33,T-030620-ITS-w-33,T-030620-ITS-w-33,True,False,LY_T_2020,SP_033,LY_T_2020__SP_033,33.0,36.0,middle,other,medium,D_30,D_15,other,Elixir,BS_200603_W_1,EX_210109,LP_230428_ITS,LY_T_2020__SP_033__BS_200603_W_1,LY_T_2020__SP_033__BS_200603_W_1__EX_210109,LY_T_2020__SP_033__BS_200603_W_1__EX_210109__LP_230428_ITS
T-030620-w-32,,32.0,2020-06-03,deep,34.0,middle,other,medium,D_30,D_15,other,,,,,,,elixir,,,,,,,,,1.0,2021-01-09,0.579,customized,ITS,1,4H,2023-04-27,2023-04-28,10.70310735136574,3,S520,AAGGCTAT,N704,TCCTGAGC,184,T-2020-ITS-c-32,seq230710_GW4I8,,,2020,WASHED,amplicon,11,seq230710_GW4I8,/home/jovyan/work/CCRP/MATRIX/RawData/Microbiomics/Metagenomics/sequencing_runs/seq230710_GW4I8,T-2020-ITS-c-32_S32_L001_R1_001.fastq.gz,T-2020-ITS-c-32_S32_L001_R2_001.fastq.gz,T-030620-ITS-w-32_S32_L001_R1_001.fastq.gz,T-030620-ITS-w-32_S32_L001_R2_001.fastq.gz,T-2020-ITS-c-32,T-030620-ITS-w-32,T-030620-ITS-w-32,True,False,LY_T_2020,SP_032,LY_T_2020__SP_032,32.0,34.0,middle,other,medium,D_30,D_15,other,Elixir,BS_200603_W_1,EX_210109,LP_230428_ITS,LY_T_2020__SP_032__BS_200603_W_1,LY_T_2020__SP_032__BS_200603_W_1__EX_210109,LY_T_2020__SP_032__BS_200603_W_1__EX_210109__LP_230428_ITS
T-030620-w-31,,31.0,2020-06-03,deep,33.0,middle,other,medium,D_30,D_15,other,,,,,,,elixir,,,,,,,,,1.0,2021-01-09,0.497,customized,ITS,1,4G,2023-04-27,2023-04-28,5.89230123795002,3,S518,CTATTAAG,N704,TCCTGAGC,172,T-2020-ITS-c-31,seq230710_GW4I8,,,2020,WASHED,amplicon,11,seq230710_GW4I8,/home/jovyan/work/CCRP/MATRIX/RawData/Microbiomics/Metagenomics/sequencing_runs/seq230710_GW4I8,T-2020-ITS-c-31_S31_L001_R1_001.fastq.gz,T-2020-ITS-c-31_S31_L001_R2_001.fastq.gz,T-030620-ITS-w-31_S31_L001_R1_001.fastq.gz,T-030620-ITS-w-31_S31_L001_R2_001.fastq.gz,T-2020-ITS-c-31,T-030620-ITS-w-31,T-030620-ITS-w-31,True,False,LY_T_2020,SP_031,LY_T_2020__SP_031,31.0,33.0,middle,other,medium,D_30,D_15,other,Elixir,BS_200603_W_1,EX_210109,LP_230428_ITS,LY_T_2020__SP_031__BS_200603_W_1,LY_T_2020__SP_031__BS_200603_W_1__EX_210109,LY_T_2020__SP_031__BS_200603_W_1__EX_210109__LP_230428_ITS
T-030620-w-30,,30.0,2020-06-03,deep,32.0,middle,other,medium,D_30,D_15,other,,,,,,,elixir,,,,,,,,,1.0,2021-01-09,0.706,customized,ITS,1,4F,2023-04-27,2023-04-28,5.029990615870169,3,S517,GCGTAAGA,N704,TCCTGAGC,160,T-2020-ITS-c-30,seq230710_GW4I8,,,2020,WASHED,amplicon,11,seq230710_GW4I8,/home/jovyan/work/CCRP/MATRIX/RawData/Microbiomics/Metagenomics/sequencing_runs/seq230710_GW4I8,T-2020-ITS-c-30_S30_L001_R1_001.fastq.gz,T-2020-ITS-c-30_S30_L001_R2_001.fastq.gz,T-030620-ITS-w-30_S30_L001_R1_001.fastq.gz,T-030620-ITS-w-30_S30_L001_R2_001.fastq.gz,T-2020-ITS-c-30,T-030620-ITS-w-30,T-030620-ITS-w-30,True,False,LY_T_2020,SP_030,LY_T_2020__SP_030,30.0,32.0,middle,other,medium,D_30,D_15,other,Elixir,BS_200603_W_1,EX_210109,LP_230428_ITS,LY_T_2020__SP_030__BS_200603_W_1,LY_T_2020__SP_030__BS_200603_W_1__EX_210109,LY_T_2020__SP_030__BS_200603_W_1__EX_210109__LP_230428_ITS
T-030620-w-29,,29.0,2020-06-03,deep,31.0,middle,other,medium,D_30,D_15,Center,,,,,,,elixir,,,,,,,,,1.0,2021-01-09,0.532,customized,ITS,1,4E,2023-04-27,2023-04-28,6.400307699901054,3,S516,CCTAGAGT,N704,TCCTGAGC,148,T-2020-ITS-c-29,seq230710_GW4I8,,Alex_big,2020,WASHED,amplicon,11,seq230710_GW4I8,/home/jovyan/work/CCRP/MATRIX/RawData/Microbiomics/Metagenomics/sequencing_runs/seq230710_GW4I8,T-2020-ITS-c-29_S29_L001_R1_001.fastq.gz,T-2020-ITS-c-29_S29_L001_R2_001.fastq.gz,T-030620-ITS-w-29_S29_L001_R1_001.fastq.gz,T-030620-ITS-w-29_S29_L001_R2_001.fastq.gz,T-2020-ITS-c-29,T-030620-ITS-w-29,T-030620-ITS-w-29,True,False,LY_T_2020,SP_029,LY_T_2020__SP_029,29.0,31.0,middle,other,medium,D_30,D_15,center,Elixir,BS_200603_W_1,EX_210109,LP_230428_ITS,LY_T_2020__SP_029__BS_200603_W_1,LY_T_2020__SP_029__BS_200603_W_1__EX_210109,LY_T_2020__SP_029__BS_200603_W_1__EX_210109__LP_230428_ITS
T-030620-w-40,,40.0,2020-06-03,deep,57.0,ext,cross,large,D_30,E_18,left,,,,,,,elixir,,,,,,,,,1.0,2021-01-09,0.828,customized,ITS,1,5H,2023-04-27,2023-04-28,8.700822171267014,3,S520,AAGGCTAT,N705,GGACTCCT,185,T-2020-ITS-c-40,seq230710_GW4I8,,,2020,WASHED,amplicon,11,seq230710_GW4I8,/home/jovyan/work/CCRP/MATRIX/RawData/Microbiomics/Metagenomics/sequencing_runs/seq230710_GW4I8,T-2020-ITS-c-40_S40_L001_R1_001.fastq.gz,T-2020-ITS-c-40_S40_L001_R2_001.fastq.gz,T-030620-ITS-w-40_S40_L001_R1_001.fastq.gz,T-030620-ITS-w-40_S40_L001_R2_001.fastq.gz,T-2020-ITS-c-40,T-030620-ITS-w-40,T-030620-ITS-w-40,True,False,LY_T_2020,SP_040,LY_T_2020__SP_040,40.0,57.0,ext,cross,large,D_30,E_18,left,Elixir,BS_200603_W_1,EX_210109,LP_230428_ITS,LY_T_2020__SP_040__BS_200603_W_1,LY_T_2020__SP_040__BS_200603_W_1__EX_210109,LY_T_2020__SP_040__BS_200603_W_1__EX_210109__LP_230428_ITS
Ultrapure-water,,,,,,,,,,,,,,,,,,,,,,,,,,,,,,customized,ITS,1,7E,2023-04-27,2023-04-28,0.12032314817412339,3,S516,CCTAGAGT,N707,CTCTCTAC,151,T-2020-ITS-c-neg,seq230710_GW4I8,,,2020,WASHED,amplicon,11,seq230710_GW4I8,/home/jovyan/work/CCRP/MATRIX/RawData/Microbiomics/Metagenomics/sequencing_runs/seq230710_GW4I8,T-2020-ITS-c-neg_S53_L001_R1_001.fastq.gz,T-2020-ITS-c-neg_S53_L001_R2_001.fastq.gz,T-2020-ITS-w-P1-neg_S53_L001_R1_001.fastq.gz,T-2020-ITS-w-P1-neg_S53_L001_R2_001.fastq.gz,T-2020-ITS-c-neg,T-2020-ITS-w-P1-neg,T-2020-ITS-w-P1-neg,True,False,LY_X_0000,SP_000,LY_X_0000__SP_000,,,,,,,,,,BS_ULWCTL_X_0,EX_000000,LP_230428_ITS,LY_X_0000__SP_000__BS_ULWCTL_X_0,LY_X_0000__SP_000__BS_ULWCTL_X_0__EX_000000,LY_X_0000__SP_000__BS_ULWCTL_X_0__EX_000000__LP_230428_ITS
T-030620-w-1,,1.0,2020-06-03,deep,1.0,ext,diagonal,large,A_3,A_2,right,,,,,,,elixir,,,,,,,,,1.0,2021-01-09,0.442,customized,16S,1,1A,2023-03-23,2023-03-23,12.38,3,S510,CGTCTAAT,N701,TAAGGCGA,97,T-2020-16S-c-1,seq230714_FWU63,,,2020,WASHED,amplicon,6,seq230714_FWU63,/home/jovyan/work/CCRP/MATRIX/RawData/Microbiomics/Metagenomics/sequencing_runs/seq230714_FWU63,T-2020-16S-c-1_S1_L001_R1_001.fastq.gz,T-2020-16S-c-1_S1_L001_R2_001.fastq.gz,T-030620-16S-w-1_S1_L001_R1_001.fastq.gz,T-030620-16S-w-1_S1_L001_R2_001.fastq.gz,T-2020-16S-c-1,T-030620-16S-w-1,T-030620-16S-w-1,True,False,LY_T_2020,SP_001,LY_T_2020__SP_001,1.0,1.0,ext,diagonal,large,A_3,A_2,right,Elixir,BS_200603_W_1,EX_210109,LP_230323_16S,LY_T_2020__SP_001__BS_200603_W_1,LY_T_2020__SP_001__BS_200603_W_1__EX_210109,LY_T_2020__SP_001__BS_200603_W_1__EX_210109__LP_230323_16S
T-030620-w-24,,24.0,2020-06-03,deep,26.0,middle,other,medium,C_10,C_10,other,,,,,,,elixir,,,,,,,,,1.0,2021-01-09,2.12,customized,16S,1,3H,2023-03-23,2023-03-23,38.15,3,S520,AAGGCTAT,N703,AGGCAGAA,183,T-2020-16S-c-24,seq230714_FWU63,,,2020,WASHED,amplicon,6,seq230714_FWU63,/home/jovyan/work/CCRP/MATRIX/RawData/Microbiomics/Metagenomics/sequencing_runs/seq230714_FWU63,T-2020-16S-c-24_S24_L001_R1_001.fastq.gz,T-2020-16S-c-24_S24_L001_R2_001.fastq.gz,T-030620-16S-w-24_S24_L001_R1_001.fastq.gz,T-030620-16S-w-24_S24_L001_R2_001.fastq.gz,T-2020-16S-c-24,T-030620-16S-w-24,T-030620-16S-w-24,True,False,LY_T_2020,SP_024,LY_T_2020__SP_024,24.0,26.0,middle,other,medium,C_10,C_10,other,Elixir,BS_200603_W_1,EX_210109,LP_230323_16S,LY_T_2020__SP_024__BS_200603_W_1,LY_T_2020__SP_024__BS_200603_W_1__EX_210109,LY_T_2020__SP_024__BS_200603_W_1__EX_210109__LP_230323_16S
T-030620-w-23,,23.0,2020-06-03,deep,25.0,middle,other,medium,C_10,C_10,other,,,,,,,elixir,,,,,,,,,1.0,2021-01-09,1.43,customized,16S,1,3G,2023-03-23,2023-03-23,10.57,3,S518,CTATTAAG,N703,AGGCAGAA,171,T-2020-16S-c-23,seq230714_FWU63,,,2020,WASHED,amplicon,6,seq230714_FWU63,/home/jovyan/work/CCRP/MATRIX/RawData/Microbiomics/Metagenomics/sequencing_runs/seq230714_FWU63,T-2020-16S-c-23_S23_L001_R1_001.fastq.gz,T-2020-16S-c-23_S23_L001_R2_001.fastq.gz,T-030620-16S-w-23_S23_L001_R1_001.fastq.gz,T-030620-16S-w-23_S23_L001_R2_001.fastq.gz,T-2020-16S-c-23,T-030620-16S-w-23,T-030620-16S-w-23,True,False,LY_T_2020,SP_023,LY_T_2020__SP_023,23.0,25.0,middle,other,medium,C_10,C_10,other,Elixir,BS_200603_W_1,EX_210109,LP_230323_16S,LY_T_2020__SP_023__BS_200603_W_1,LY_T_2020__SP_023__BS_200603_W_1__EX_210109,LY_T_2020__SP_023__BS_200603_W_1__EX_210109__LP_230323_16S
T-030620-w-22,,22.0,2020-06-03,deep,24.0,middle,other,medium,C_10,C_10,other,,,,,,,elixir,,,,,,,,,1.0,2021-01-09,0.91,customized,16S,1,3F,2023-03-23,2023-03-23,14.75,3,S517,GCGTAAGA,N703,AGGCAGAA,159,T-2020-16S-c-22,seq230714_FWU63,,,2020,WASHED,amplicon,6,seq230714_FWU63,/home/jovyan/work/CCRP/MATRIX/RawData/Microbiomics/Metagenomics/sequencing_runs/seq230714_FWU63,T-2020-16S-c-22_S22_L001_R1_001.fastq.gz,T-2020-16S-c-22_S22_L001_R2_001.fastq.gz,T-030620-16S-w-22_S22_L001_R1_001.fastq.gz,T-030620-16S-w-22_S22_L001_R2_001.fastq.gz,T-2020-16S-c-22,T-030620-16S-w-22,T-030620-16S-w-22,True,False,LY_T_2020,SP_022,LY_T_2020__SP_022,22.0,24.0,middle,other,medium,C_10,C_10,other,Elixir,BS_200603_W_1,EX_210109,LP_230323_16S,LY_T_2020__SP_022__BS_200603_W_1,LY_T_2020__SP_022__BS_200603_W_1__EX_210109,LY_T_2020__SP_022__BS_200603_W_1__EX_210109__LP_230323_16S
T-030620-w-21,,21.0,2020-06-03,deep,23.0,middle,cross,large,C_10,C_10,other,,,,,,,elixir,,,,,,,,,1.0,2021-01-09,0.396,customized,16S,1,3E,2023-03-23,2023-03-23,9.4,3,S516,CCTAGAGT,N703,AGGCAGAA,147,T-2020-16S-c-21,seq230714_FWU63,,,2020,WASHED,amplicon,6,seq230714_FWU63,/home/jovyan/work/CCRP/MATRIX/RawData/Microbiomics/Metagenomics/sequencing_runs/seq230714_FWU63,T-2020-16S-c-21_S21_L001_R1_001.fastq.gz,T-2020-16S-c-21_S21_L001_R2_001.fastq.gz,T-030620-16S-w-21_S21_L001_R1_001.fastq.gz,T-030620-16S-w-21_S21_L001_R2_001.fastq.gz,T-2020-16S-c-21,T-030620-16S-w-21,T-030620-16S-w-21,True,False,LY_T_2020,SP_021,LY_T_2020__SP_021,21.0,23.0,middle,cross,large,C_10,C_10,other,Elixir,BS_200603_W_1,EX_210109,LP_230323_16S,LY_T_2020__SP_021__BS_200603_W_1,LY_T_2020__SP_021__BS_200603_W_1__EX_210109,LY_T_2020__SP_021__BS_200603_W_1__EX_210109__LP_230323_16S
T-030620-w-20,,20.0,2020-06-03,deep,22.0,middle,other,medium,C_10,C_10,other,,,,,,,elixir,,,,,,,,,1.0,2021-01-09,1.1,customized,16S,1,3D,2023-03-23,2023-03-23,15.59,3,S515,TTCTAGCT,N703,AGGCAGAA,135,T-2020-16S-c-20,seq230714_FWU63,,,2020,WASHED,amplicon,6,seq230714_FWU63,/home/jovyan/work/CCRP/MATRIX/RawData/Microbiomics/Metagenomics/sequencing_runs/seq230714_FWU63,T-2020-16S-c-20_S20_L001_R1_001.fastq.gz,T-2020-16S-c-20_S20_L001_R2_001.fastq.gz,T-030620-16S-w-20_S20_L001_R1_001.fastq.gz,T-030620-16S-w-20_S20_L001_R2_001.fastq.gz,T-2020-16S-c-20,T-030620-16S-w-20,T-030620-16S-w-20,True,False,LY_T_2020,SP_020,LY_T_2020__SP_020,20.0,22.0,middle,other,medium,C_10,C_10,other,Elixir,BS_200603_W_1,EX_210109,LP_230323_16S,LY_T_2020__SP_020__BS_200603_W_1,LY_T_2020__SP_020__BS_200603_W_1__EX_210109,LY_T_2020__SP_020__BS_200603_W_1__EX_210109__LP_230323_16S
T-030620-w-19,,19.0,2020-06-03,deep,21.0,middle,other,medium,C_10,C_10,other,,,,,,,elixir,,,,,,,,,1.0,2021-01-09,1.9,customized,16S,1,3C,2023-03-23,2023-03-23,13.17,3,S513,TCGACTAG,N703,AGGCAGAA,123,T-2020-16S-c-19,seq230714_FWU63,,,2020,WASHED,amplicon,6,seq230714_FWU63,/home/jovyan/work/CCRP/MATRIX/RawData/Microbiomics/Metagenomics/sequencing_runs/seq230714_FWU63,T-2020-16S-c-19_S19_L001_R1_001.fastq.gz,T-2020-16S-c-19_S19_L001_R2_001.fastq.gz,T-030620-16S-w-19_S19_L001_R1_001.fastq.gz,T-030620-16S-w-19_S19_L001_R2_001.fastq.gz,T-2020-16S-c-19,T-030620-16S-w-19,T-030620-16S-w-19,True,False,LY_T_2020,SP_019,LY_T_2020__SP_019,19.0,21.0,middle,other,medium,C_10,C_10,other,Elixir,BS_200603_W_1,EX_210109,LP_230323_16S,LY_T_2020__SP_019__BS_200603_W_1,LY_T_2020__SP_019__BS_200603_W_1__EX_210109,LY_T_2020__SP_019__BS_200603_W_1__EX_210109__LP_230323_16S
T-030620-w-18,,18.0,2020-06-03,deep,20.0,middle,other,small,C_10,C_10,other,,,,,,,elixir,,,,,,,,,1.0,2021-01-09,0.421,customized,16S,1,3B,2023-03-23,2023-03-23,8.27,3,S511,TCTCTCCG,N703,AGGCAGAA,111,T-2020-16S-c-18,seq230714_FWU63,,,2020,WASHED,amplicon,6,seq230714_FWU63,/home/jovyan/work/CCRP/MATRIX/RawData/Microbiomics/Metagenomics/sequencing_runs/seq230714_FWU63,T-2020-16S-c-18_S18_L001_R1_001.fastq.gz,T-2020-16S-c-18_S18_L001_R2_001.fastq.gz,T-030620-16S-w-18_S18_L001_R1_001.fastq.gz,T-030620-16S-w-18_S18_L001_R2_001.fastq.gz,T-2020-16S-c-18,T-030620-16S-w-18,T-030620-16S-w-18,True,False,LY_T_2020,SP_018,LY_T_2020__SP_018,18.0,20.0,middle,other,small,C_10,C_10,other,Elixir,BS_200603_W_1,EX_210109,LP_230323_16S,LY_T_2020__SP_018__BS_200603_W_1,LY_T_2020__SP_018__BS_200603_W_1__EX_210109,LY_T_2020__SP_018__BS_200603_W_1__EX_210109__LP_230323_16S
T-030620-w-17,,17.0,2020-06-03,deep,18.0,middle,cross,small,B_6,C_10,other,,,,,,,elixir,,,,,,,,,1.0,2021-01-09,0.304,customized,16S,1,3A,2023-03-23,2023-03-23,12.27,3,S510,CGTCTAAT,N703,AGGCAGAA,99,T-2020-16S-c-17,seq230714_FWU63,,,2020,WASHED,amplicon,6,seq230714_FWU63,/home/jovyan/work/CCRP/MATRIX/RawData/Microbiomics/Metagenomics/sequencing_runs/seq230714_FWU63,T-2020-16S-c-17_S17_L001_R1_001.fastq.gz,T-2020-16S-c-17_S17_L001_R2_001.fastq.gz,T-030620-16S-w-17_S17_L001_R1_001.fastq.gz,T-030620-16S-w-17_S17_L001_R2_001.fastq.gz,T-2020-16S-c-17,T-030620-16S-w-17,T-030620-16S-w-17,True,False,LY_T_2020,SP_017,LY_T_2020__SP_017,17.0,18.0,middle,cross,small,B_6,C_10,other,Elixir,BS_200603_W_1,EX_210109,LP_230323_16S,LY_T_2020__SP_017__BS_200603_W_1,LY_T_2020__SP_017__BS_200603_W_1__EX_210109,LY_T_2020__SP_017__BS_200603_W_1__EX_210109__LP_230323_16S
T-030620-w-16,,16.0,2020-06-03,deep,16.0,middle,diagonal,medium,B_6,C_10,Center,,,,,,,elixir,,,,,,,,,1.0,2021-01-09,0.142,customized,16S,1,2H,2023-03-23,2023-03-23,17.65,3,S520,AAGGCTAT,N702,CGTACTAG,182,T-2020-16S-c-16,seq230714_FWU63,,,2020,WASHED,amplicon,6,seq230714_FWU63,/home/jovyan/work/CCRP/MATRIX/RawData/Microbiomics/Metagenomics/sequencing_runs/seq230714_FWU63,T-2020-16S-c-16_S16_L001_R1_001.fastq.gz,T-2020-16S-c-16_S16_L001_R2_001.fastq.gz,T-030620-16S-w-16_S16_L001_R1_001.fastq.gz,T-030620-16S-w-16_S16_L001_R2_001.fastq.gz,T-2020-16S-c-16,T-030620-16S-w-16,T-030620-16S-w-16,True,False,LY_T_2020,SP_016,LY_T_2020__SP_016,16.0,16.0,middle,diagonal,medium,B_6,C_10,center,Elixir,BS_200603_W_1,EX_210109,LP_230323_16S,LY_T_2020__SP_016__BS_200603_W_1,LY_T_2020__SP_016__BS_200603_W_1__EX_210109,LY_T_2020__SP_016__BS_200603_W_1__EX_210109__LP_230323_16S
T-030620-w-15,,15.0,2020-06-03,deep,15.0,middle,cross,large,B_6,B_5,other,,,,,,,elixir,,,,,,,,,1.0,2021-01-09,0.828,customized,16S,1,2G,2023-03-23,2023-03-23,20.24,3,S518,CTATTAAG,N702,CGTACTAG,170,T-2020-16S-c-15,seq230714_FWU63,,,2020,WASHED,amplicon,6,seq230714_FWU63,/home/jovyan/work/CCRP/MATRIX/RawData/Microbiomics/Metagenomics/sequencing_runs/seq230714_FWU63,T-2020-16S-c-15_S15_L001_R1_001.fastq.gz,T-2020-16S-c-15_S15_L001_R2_001.fastq.gz,T-030620-16S-w-15_S15_L001_R1_001.fastq.gz,T-030620-16S-w-15_S15_L001_R2_001.fastq.gz,T-2020-16S-c-15,T-030620-16S-w-15,T-030620-16S-w-15,True,False,LY_T_2020,SP_015,LY_T_2020__SP_015,15.0,15.0,middle,cross,large,B_6,B_5,other,Elixir,BS_200603_W_1,EX_210109,LP_230323_16S,LY_T_2020__SP_015__BS_200603_W_1,LY_T_2020__SP_015__BS_200603_W_1__EX_210109,LY_T_2020__SP_015__BS_200603_W_1__EX_210109__LP_230323_16S
T-030620-w-14,,14.0,2020-06-03,deep,14.0,ext,cross,large,B_6,B_5,right,,,,,,,elixir,,,,,,,,,1.0,2021-01-09,0.451,customized,16S,1,2F,2023-03-23,2023-03-23,14.62,3,S517,GCGTAAGA,N702,CGTACTAG,158,T-2020-16S-c-14,seq230714_FWU63,,,2020,WASHED,amplicon,6,seq230714_FWU63,/home/jovyan/work/CCRP/MATRIX/RawData/Microbiomics/Metagenomics/sequencing_runs/seq230714_FWU63,T-2020-16S-c-14_S14_L001_R1_001.fastq.gz,T-2020-16S-c-14_S14_L001_R2_001.fastq.gz,T-030620-16S-w-14_S14_L001_R1_001.fastq.gz,T-030620-16S-w-14_S14_L001_R2_001.fastq.gz,T-2020-16S-c-14,T-030620-16S-w-14,T-030620-16S-w-14,True,False,LY_T_2020,SP_014,LY_T_2020__SP_014,14.0,14.0,ext,cross,large,B_6,B_5,right,Elixir,BS_200603_W_1,EX_210109,LP_230323_16S,LY_T_2020__SP_014__BS_200603_W_1,LY_T_2020__SP_014__BS_200603_W_1__EX_210109,LY_T_2020__SP_014__BS_200603_W_1__EX_210109__LP_230323_16S
T-030620-w-13,,13.0,2020-06-03,deep,13.0,ext,other,large,B_6,B_5,right,,,,,,,elixir,,,,,,,,,1.0,2021-01-09,0.244,customized,16S,1,2E,2023-03-23,2023-03-23,3.39,3,S516,CCTAGAGT,N702,CGTACTAG,146,T-2020-16S-c-13,seq230714_FWU63,,,2020,WASHED,amplicon,6,seq230714_FWU63,/home/jovyan/work/CCRP/MATRIX/RawData/Microbiomics/Metagenomics/sequencing_runs/seq230714_FWU63,T-2020-16S-c-13_S13_L001_R1_001.fastq.gz,T-2020-16S-c-13_S13_L001_R2_001.fastq.gz,T-030620-16S-w-13_S13_L001_R1_001.fastq.gz,T-030620-16S-w-13_S13_L001_R2_001.fastq.gz,T-2020-16S-c-13,T-030620-16S-w-13,T-030620-16S-w-13,True,False,LY_T_2020,SP_013,LY_T_2020__SP_013,13.0,13.0,ext,other,large,B_6,B_5,right,Elixir,BS_200603_W_1,EX_210109,LP_230323_16S,LY_T_2020__SP_013__BS_200603_W_1,LY_T_2020__SP_013__BS_200603_W_1__EX_210109,LY_T_2020__SP_013__BS_200603_W_1__EX_210109__LP_230323_16S
T-030620-w-12,,12.0,2020-06-03,deep,12.0,middle,diagonal,large,B_6,B_5,other,,,,,,,elixir,,,,,,,,,1.0,2021-01-09,0.189,customized,16S,1,2D,2023-03-23,2023-03-23,11.58,3,S515,TTCTAGCT,N702,CGTACTAG,134,T-2020-16S-c-12,seq230714_FWU63,,,2020,WASHED,amplicon,6,seq230714_FWU63,/home/jovyan/work/CCRP/MATRIX/RawData/Microbiomics/Metagenomics/sequencing_runs/seq230714_FWU63,T-2020-16S-c-12_S12_L001_R1_001.fastq.gz,T-2020-16S-c-12_S12_L001_R2_001.fastq.gz,T-030620-16S-w-12_S12_L001_R1_001.fastq.gz,T-030620-16S-w-12_S12_L001_R2_001.fastq.gz,T-2020-16S-c-12,T-030620-16S-w-12,T-030620-16S-w-12,True,False,LY_T_2020,SP_012,LY_T_2020__SP_012,12.0,12.0,middle,diagonal,large,B_6,B_5,other,Elixir,BS_200603_W_1,EX_210109,LP_230323_16S,LY_T_2020__SP_012__BS_200603_W_1,LY_T_2020__SP_012__BS_200603_W_1__EX_210109,LY_T_2020__SP_012__BS_200603_W_1__EX_210109__LP_230323_16S
T-030620-w-11,,11.0,2020-06-03,deep,11.0,middle,cross,large,A_3,B_5,Center,,,,,,,elixir,,,,,,,,,1.0,2021-01-09,0.377,customized,16S,1,2C,2023-03-23,2023-03-23,7.17,3,S513,TCGACTAG,N702,CGTACTAG,122,T-2020-16S-c-11,seq230714_FWU63,,,2020,WASHED,amplicon,6,seq230714_FWU63,/home/jovyan/work/CCRP/MATRIX/RawData/Microbiomics/Metagenomics/sequencing_runs/seq230714_FWU63,T-2020-16S-c-11_S11_L001_R1_001.fastq.gz,T-2020-16S-c-11_S11_L001_R2_001.fastq.gz,T-030620-16S-w-11_S11_L001_R1_001.fastq.gz,T-030620-16S-w-11_S11_L001_R2_001.fastq.gz,T-2020-16S-c-11,T-030620-16S-w-11,T-030620-16S-w-11,True,False,LY_T_2020,SP_011,LY_T_2020__SP_011,11.0,11.0,middle,cross,large,A_3,B_5,center,Elixir,BS_200603_W_1,EX_210109,LP_230323_16S,LY_T_2020__SP_011__BS_200603_W_1,LY_T_2020__SP_011__BS_200603_W_1__EX_210109,LY_T_2020__SP_011__BS_200603_W_1__EX_210109__LP_230323_16S
T-030620-w-10,,10.0,2020-06-03,deep,10.0,middle,other,medium,A_3,A_2,other,,,,,,,elixir,,,,,,,,,1.0,2021-01-09,0.315,customized,16S,1,2B,2023-03-23,2023-03-23,16.33,3,S511,TCTCTCCG,N702,CGTACTAG,110,T-2020-16S-c-10,seq230714_FWU63,,,2020,WASHED,amplicon,6,seq230714_FWU63,/home/jovyan/work/CCRP/MATRIX/RawData/Microbiomics/Metagenomics/sequencing_runs/seq230714_FWU63,T-2020-16S-c-10_S10_L001_R1_001.fastq.gz,T-2020-16S-c-10_S10_L001_R2_001.fastq.gz,T-030620-16S-w-10_S10_L001_R1_001.fastq.gz,T-030620-16S-w-10_S10_L001_R2_001.fastq.gz,T-2020-16S-c-10,T-030620-16S-w-10,T-030620-16S-w-10,True,False,LY_T_2020,SP_010,LY_T_2020__SP_010,10.0,10.0,middle,other,medium,A_3,A_2,other,Elixir,BS_200603_W_1,EX_210109,LP_230323_16S,LY_T_2020__SP_010__BS_200603_W_1,LY_T_2020__SP_010__BS_200603_W_1__EX_210109,LY_T_2020__SP_010__BS_200603_W_1__EX_210109__LP_230323_16S
T-030620-w-9,,9.0,2020-06-03,deep,9.0,middle,other,medium,D_30,E_18,other,,,,,,,elixir,,,,,,,,,1.0,2021-01-09,1.27,customized,16S,1,2A,2023-03-23,2023-03-23,7.33,3,S510,CGTCTAAT,N702,CGTACTAG,98,T-2020-16S-c-9,seq230714_FWU63,,,2020,WASHED,amplicon,6,seq230714_FWU63,/home/jovyan/work/CCRP/MATRIX/RawData/Microbiomics/Metagenomics/sequencing_runs/seq230714_FWU63,T-2020-16S-c-9_S9_L001_R1_001.fastq.gz,T-2020-16S-c-9_S9_L001_R2_001.fastq.gz,T-030620-16S-w-9_S9_L001_R1_001.fastq.gz,T-030620-16S-w-9_S9_L001_R2_001.fastq.gz,T-2020-16S-c-9,T-030620-16S-w-9,T-030620-16S-w-9,True,False,LY_T_2020,SP_009,LY_T_2020__SP_009,9.0,9.0,middle,other,medium,D_30,E_18,other,Elixir,BS_200603_W_1,EX_210109,LP_230323_16S,LY_T_2020__SP_009__BS_200603_W_1,LY_T_2020__SP_009__BS_200603_W_1__EX_210109,LY_T_2020__SP_009__BS_200603_W_1__EX_210109__LP_230323_16S
T-030620-w-8,,8.0,2020-06-03,deep,8.0,middle,other,medium,D_30,E_18,other,,,,,,,elixir,,,,,,,,,1.0,2021-01-09,0.614,customized,16S,1,1H,2023-03-23,2023-03-23,26.91,3,S520,AAGGCTAT,N701,TAAGGCGA,181,T-2020-16S-c-8,seq230714_FWU63,,,2020,WASHED,amplicon,6,seq230714_FWU63,/home/jovyan/work/CCRP/MATRIX/RawData/Microbiomics/Metagenomics/sequencing_runs/seq230714_FWU63,T-2020-16S-c-8_S8_L001_R1_001.fastq.gz,T-2020-16S-c-8_S8_L001_R2_001.fastq.gz,T-030620-16S-w-8_S8_L001_R1_001.fastq.gz,T-030620-16S-w-8_S8_L001_R2_001.fastq.gz,T-2020-16S-c-8,T-030620-16S-w-8,T-030620-16S-w-8,True,False,LY_T_2020,SP_008,LY_T_2020__SP_008,8.0,8.0,middle,other,medium,D_30,E_18,other,Elixir,BS_200603_W_1,EX_210109,LP_230323_16S,LY_T_2020__SP_008__BS_200603_W_1,LY_T_2020__SP_008__BS_200603_W_1__EX_210109,LY_T_2020__SP_008__BS_200603_W_1__EX_210109__LP_230323_16S
T-030620-w-7,,7.0,2020-06-03,deep,7.0,middle,diagonal,large,D_30,E_18,other,,,,,,,elixir,,,,,,,,,1.0,2021-01-09,0.144,customized,16S,1,1G,2023-03-23,2023-03-23,20.3,3,S518,CTATTAAG,N701,TAAGGCGA,169,T-2020-16S-c-7,seq230714_FWU63,,,2020,WASHED,amplicon,6,seq230714_FWU63,/home/jovyan/work/CCRP/MATRIX/RawData/Microbiomics/Metagenomics/sequencing_runs/seq230714_FWU63,T-2020-16S-c-7_S7_L001_R1_001.fastq.gz,T-2020-16S-c-7_S7_L001_R2_001.fastq.gz,T-030620-16S-w-7_S7_L001_R1_001.fastq.gz,T-030620-16S-w-7_S7_L001_R2_001.fastq.gz,T-2020-16S-c-7,T-030620-16S-w-7,T-030620-16S-w-7,True,False,LY_T_2020,SP_007,LY_T_2020__SP_007,7.0,7.0,middle,diagonal,large,D_30,E_18,other,Elixir,BS_200603_W_1,EX_210109,LP_230323_16S,LY_T_2020__SP_007__BS_200603_W_1,LY_T_2020__SP_007__BS_200603_W_1__EX_210109,LY_T_2020__SP_007__BS_200603_W_1__EX_210109__LP_230323_16S
T-030620-w-6,,6.0,2020-06-03,deep,6.0,ext,other,large,D_30,E_18,left,,,,,,,elixir,,,,,,,,,1.0,2021-01-09,0.467,customized,16S,1,1F,2023-03-23,2023-03-23,15.81,3,S517,GCGTAAGA,N701,TAAGGCGA,157,T-2020-16S-c-6,seq230714_FWU63,,,2020,WASHED,amplicon,6,seq230714_FWU63,/home/jovyan/work/CCRP/MATRIX/RawData/Microbiomics/Metagenomics/sequencing_runs/seq230714_FWU63,T-2020-16S-c-6_S6_L001_R1_001.fastq.gz,T-2020-16S-c-6_S6_L001_R2_001.fastq.gz,T-030620-16S-w-6_S6_L001_R1_001.fastq.gz,T-030620-16S-w-6_S6_L001_R2_001.fastq.gz,T-2020-16S-c-6,T-030620-16S-w-6,T-030620-16S-w-6,True,False,LY_T_2020,SP_006,LY_T_2020__SP_006,6.0,6.0,ext,other,large,D_30,E_18,left,Elixir,BS_200603_W_1,EX_210109,LP_230323_16S,LY_T_2020__SP_006__BS_200603_W_1,LY_T_2020__SP_006__BS_200603_W_1__EX_210109,LY_T_2020__SP_006__BS_200603_W_1__EX_210109__LP_230323_16S
T-030620-w-5,,5.0,2020-06-03,deep,5.0,ext,diagonal,large,D_30,E_18,left,,,,,,,elixir,,,,,,,,,1.0,2021-01-09,0.306,customized,16S,1,1E,2023-03-23,2023-03-23,25.33,3,S516,CCTAGAGT,N701,TAAGGCGA,145,T-2020-16S-c-5,seq230714_FWU63,,,2020,WASHED,amplicon,6,seq230714_FWU63,/home/jovyan/work/CCRP/MATRIX/RawData/Microbiomics/Metagenomics/sequencing_runs/seq230714_FWU63,T-2020-16S-c-5_S5_L001_R1_001.fastq.gz,T-2020-16S-c-5_S5_L001_R2_001.fastq.gz,T-030620-16S-w-5_S5_L001_R1_001.fastq.gz,T-030620-16S-w-5_S5_L001_R2_001.fastq.gz,T-2020-16S-c-5,T-030620-16S-w-5,T-030620-16S-w-5,True,False,LY_T_2020,SP_005,LY_T_2020__SP_005,5.0,5.0,ext,diagonal,large,D_30,E_18,left,Elixir,BS_200603_W_1,EX_210109,LP_230323_16S,LY_T_2020__SP_005__BS_200603_W_1,LY_T_2020__SP_005__BS_200603_W_1__EX_210109,LY_T_2020__SP_005__BS_200603_W_1__EX_210109__LP_230323_16S
T-030620-w-4,,4.0,2020-06-03,deep,4.0,ext,other,large,D_30,E_18,other,,,,,,,elixir,,,,,,,,,1.0,2021-01-09,2.17,customized,16S,1,1D,2023-03-23,2023-03-23,22.33,3,S515,TTCTAGCT,N701,TAAGGCGA,133,T-2020-16S-c-4,seq230714_FWU63,,,2020,WASHED,amplicon,6,seq230714_FWU63,/home/jovyan/work/CCRP/MATRIX/RawData/Microbiomics/Metagenomics/sequencing_runs/seq230714_FWU63,T-2020-16S-c-4_S4_L001_R1_001.fastq.gz,T-2020-16S-c-4_S4_L001_R2_001.fastq.gz,T-030620-16S-w-4_S4_L001_R1_001.fastq.gz,T-030620-16S-w-4_S4_L001_R2_001.fastq.gz,T-2020-16S-c-4,T-030620-16S-w-4,T-030620-16S-w-4,True,False,LY_T_2020,SP_004,LY_T_2020__SP_004,4.0,4.0,ext,other,large,D_30,E_18,other,Elixir,BS_200603_W_1,EX_210109,LP_230323_16S,LY_T_2020__SP_004__BS_200603_W_1,LY_T_2020__SP_004__BS_200603_W_1__EX_210109,LY_T_2020__SP_004__BS_200603_W_1__EX_210109__LP_230323_16S
T-030620-w-3,,3.0,2020-06-03,deep,3.0,ext,cross,large,D_30,D_15,Center,,,,,,,elixir,,,,,,,,,1.0,2021-01-09,0.679,customized,16S,1,1C,2023-03-23,2023-03-23,14.34,3,S513,TCGACTAG,N701,TAAGGCGA,121,T-2020-16S-c-3,seq230714_FWU63,,,2020,WASHED,amplicon,6,seq230714_FWU63,/home/jovyan/work/CCRP/MATRIX/RawData/Microbiomics/Metagenomics/sequencing_runs/seq230714_FWU63,T-2020-16S-c-3_S3_L001_R1_001.fastq.gz,T-2020-16S-c-3_S3_L001_R2_001.fastq.gz,T-030620-16S-w-3_S3_L001_R1_001.fastq.gz,T-030620-16S-w-3_S3_L001_R2_001.fastq.gz,T-2020-16S-c-3,T-030620-16S-w-3,T-030620-16S-w-3,True,False,LY_T_2020,SP_003,LY_T_2020__SP_003,3.0,3.0,ext,cross,large,D_30,D_15,center,Elixir,BS_200603_W_1,EX_210109,LP_230323_16S,LY_T_2020__SP_003__BS_200603_W_1,LY_T_2020__SP_003__BS_200603_W_1__EX_210109,LY_T_2020__SP_003__BS_200603_W_1__EX_210109__LP_230323_16S
T-030620-w-2,,2.0,2020-06-03,deep,2.0,ext,other,large,C_10,C_10,other,,,,,,,elixir,,,,,,,,,1.0,2021-01-09,0.63,customized,16S,1,1B,2023-03-23,2023-03-23,16.49,3,S511,TCTCTCCG,N701,TAAGGCGA,109,T-2020-16S-c-2,seq230714_FWU63,,,2020,WASHED,amplicon,6,seq230714_FWU63,/home/jovyan/work/CCRP/MATRIX/RawData/Microbiomics/Metagenomics/sequencing_runs/seq230714_FWU63,T-2020-16S-c-2_S2_L001_R1_001.fastq.gz,T-2020-16S-c-2_S2_L001_R2_001.fastq.gz,T-030620-16S-w-2_S2_L001_R1_001.fastq.gz,T-030620-16S-w-2_S2_L001_R2_001.fastq.gz,T-2020-16S-c-2,T-030620-16S-w-2,T-030620-16S-w-2,True,False,LY_T_2020,SP_002,LY_T_2020__SP_002,2.0,2.0,ext,other,large,C_10,C_10,other,Elixir,BS_200603_W_1,EX_210109,LP_230323_16S,LY_T_2020__SP_002__BS_200603_W_1,LY_T_2020__SP_002__BS_200603_W_1__EX_210109,LY_T_2020__SP_002__BS_200603_W_1__EX_210109__LP_230323_16S
T-030620-w-25,,25.0,2020-06-03,deep,27.0,middle,other,medium,C_10,D_15,other,,,,,,,elixir,,,,,,,,,1.0,2021-01-09,0.622,customized,16S,1,4A,2023-03-23,2023-03-23,11.76,3,S510,CGTCTAAT,N704,TCCTGAGC,100,T-2020-16S-c-25,seq230714_FWU63,,,2020,WASHED,amplicon,6,seq230714_FWU63,/home/jovyan/work/CCRP/MATRIX/RawData/Microbiomics/Metagenomics/sequencing_runs/seq230714_FWU63,T-2020-16S-c-25_S25_L001_R1_001.fastq.gz,T-2020-16S-c-25_S25_L001_R2_001.fastq.gz,T-030620-16S-w-25_S25_L001_R1_001.fastq.gz,T-030620-16S-w-25_S25_L001_R2_001.fastq.gz,T-2020-16S-c-25,T-030620-16S-w-25,T-030620-16S-w-25,True,False,LY_T_2020,SP_025,LY_T_2020__SP_025,25.0,27.0,middle,other,medium,C_10,D_15,other,Elixir,BS_200603_W_1,EX_210109,LP_230323_16S,LY_T_2020__SP_025__BS_200603_W_1,LY_T_2020__SP_025__BS_200603_W_1__EX_210109,LY_T_2020__SP_025__BS_200603_W_1__EX_210109__LP_230323_16S
Ultrapure-water,,,,,,,,,,,,,,,,,,,,,,,,,,,,,,customized,16S,1,7E,2023-03-23,2023-03-23,10.33,3,S516,CCTAGAGT,N707,CTCTCTAC,151,T-2020-16S-c-neg,seq230714_FWU63,,,2020,WASHED,amplicon,6,seq230714_FWU63,/home/jovyan/work/CCRP/MATRIX/RawData/Microbiomics/Metagenomics/sequencing_runs/seq230714_FWU63,T-2020-16S-c-neg_S53_L001_R1_001.fastq.gz,T-2020-16S-c-neg_S53_L001_R2_001.fastq.gz,T-2020-16S-w-P1-neg_S53_L001_R1_001.fastq.gz,T-2020-16S-w-P1-neg_S53_L001_R2_001.fastq.gz,T-2020-16S-c-neg,T-2020-16S-w-P1-neg,T-2020-16S-w-P1-neg,True,False,LY_X_0000,SP_000,LY_X_0000__SP_000,,,,,,,,,,BS_ULWCTL_X_0,EX_000000,LP_230323_16S,LY_X_0000__SP_000__BS_ULWCTL_X_0,LY_X_0000__SP_000__BS_ULWCTL_X_0__EX_000000,LY_X_0000__SP_000__BS_ULWCTL_X_0__EX_000000__LP_230323_16S
T-030620-w-26,,26.0,2020-06-03,deep,28.0,middle,other,medium,C_10,D_15,other,,,,,,,elixir,,,,,,,,,1.0,2021-01-09,0.855,customized,16S,1,4B,2023-03-23,2023-03-23,12.26,3,S511,TCTCTCCG,N704,TCCTGAGC,112,T-2020-16S-c-26,seq230714_FWU63,,,2020,WASHED,amplicon,6,seq230714_FWU63,/home/jovyan/work/CCRP/MATRIX/RawData/Microbiomics/Metagenomics/sequencing_runs/seq230714_FWU63,T-2020-16S-c-26_S26_L001_R1_001.fastq.gz,T-2020-16S-c-26_S26_L001_R2_001.fastq.gz,T-030620-16S-w-26_S26_L001_R1_001.fastq.gz,T-030620-16S-w-26_S26_L001_R2_001.fastq.gz,T-2020-16S-c-26,T-030620-16S-w-26,T-030620-16S-w-26,True,False,LY_T_2020,SP_026,LY_T_2020__SP_026,26.0,28.0,middle,other,medium,C_10,D_15,other,Elixir,BS_200603_W_1,EX_210109,LP_230323_16S,LY_T_2020__SP_026__BS_200603_W_1,LY_T_2020__SP_026__BS_200603_W_1__EX_210109,LY_T_2020__SP_026__BS_200603_W_1__EX_210109__LP_230323_16S
T-030620-w-28,,28.0,2020-06-03,deep,30.0,middle,other,medium,D_30,D_15,Center,,,,,,,elixir,,,,,,,,,1.0,2021-01-09,0.571,customized,16S,1,4D,2023-03-23,2023-03-23,8.94,3,S515,TTCTAGCT,N704,TCCTGAGC,136,T-2020-16S-c-28,seq230714_FWU63,,,2020,WASHED,amplicon,6,seq230714_FWU63,/home/jovyan/work/CCRP/MATRIX/RawData/Microbiomics/Metagenomics/sequencing_runs/seq230714_FWU63,T-2020-16S-c-28_S28_L001_R1_001.fastq.gz,T-2020-16S-c-28_S28_L001_R2_001.fastq.gz,T-030620-16S-w-28_S28_L001_R1_001.fastq.gz,T-030620-16S-w-28_S28_L001_R2_001.fastq.gz,T-2020-16S-c-28,T-030620-16S-w-28,T-030620-16S-w-28,True,False,LY_T_2020,SP_028,LY_T_2020__SP_028,28.0,30.0,middle,other,medium,D_30,D_15,center,Elixir,BS_200603_W_1,EX_210109,LP_230323_16S,LY_T_2020__SP_028__BS_200603_W_1,LY_T_2020__SP_028__BS_200603_W_1__EX_210109,LY_T_2020__SP_028__BS_200603_W_1__EX_210109__LP_230323_16S
T-030620-w-50,,50.0,2020-06-03,deep,67.0,ext,diagonal,large,D_30,E_18,left,,,,,,,elixir,,,,,,,,,1.0,2021-01-09,0.34,customized,16S,1,7B,2023-03-23,2023-03-23,9.05,3,S511,TCTCTCCG,N707,CTCTCTAC,115,T-2020-16S-c-50,seq230714_FWU63,,Alex_destroyed,2020,WASHED,amplicon,6,seq230714_FWU63,/home/jovyan/work/CCRP/MATRIX/RawData/Microbiomics/Metagenomics/sequencing_runs/seq230714_FWU63,T-2020-16S-c-50_S50_L001_R1_001.fastq.gz,T-2020-16S-c-50_S50_L001_R2_001.fastq.gz,T-030620-16S-w-50_S50_L001_R1_001.fastq.gz,T-030620-16S-w-50_S50_L001_R2_001.fastq.gz,T-2020-16S-c-50,T-030620-16S-w-50,T-030620-16S-w-50,True,False,LY_T_2020,SP_050,LY_T_2020__SP_050,50.0,67.0,ext,diagonal,large,D_30,E_18,left,Elixir,BS_200603_W_1,EX_210109,LP_230323_16S,LY_T_2020__SP_050__BS_200603_W_1,LY_T_2020__SP_050__BS_200603_W_1__EX_210109,LY_T_2020__SP_050__BS_200603_W_1__EX_210109__LP_230323_16S
T-030620-w-49,,49.0,2020-06-03,deep,66.0,ext,other,large,D_30,E_18,other,,,,,,,elixir,,,,,,,,,1.0,2021-01-09,0.311,customized,16S,1,7A,2023-03-23,2023-03-23,10.8,3,S510,CGTCTAAT,N707,CTCTCTAC,103,T-2020-16S-c-49,seq230714_FWU63,,,2020,WASHED,amplicon,6,seq230714_FWU63,/home/jovyan/work/CCRP/MATRIX/RawData/Microbiomics/Metagenomics/sequencing_runs/seq230714_FWU63,T-2020-16S-c-49_S49_L001_R1_001.fastq.gz,T-2020-16S-c-49_S49_L001_R2_001.fastq.gz,T-030620-16S-w-49_S49_L001_R1_001.fastq.gz,T-030620-16S-w-49_S49_L001_R2_001.fastq.gz,T-2020-16S-c-49,T-030620-16S-w-49,T-030620-16S-w-49,True,False,LY_T_2020,SP_049,LY_T_2020__SP_049,49.0,66.0,ext,other,large,D_30,E_18,other,Elixir,BS_200603_W_1,EX_210109,LP_230323_16S,LY_T_2020__SP_049__BS_200603_W_1,LY_T_2020__SP_049__BS_200603_W_1__EX_210109,LY_T_2020__SP_049__BS_200603_W_1__EX_210109__LP_230323_16S
T-030620-w-48,,48.0,2020-06-03,deep,65.0,ext,cross,large,D_30,E_18,Center,,,,,,,elixir,,,,,,,,,1.0,2021-01-09,3.3,customized,16S,1,6H,2023-03-23,2023-03-23,24.68,3,S520,AAGGCTAT,N706,TAGGCATG,186,T-2020-16S-c-48,seq230714_FWU63,,,2020,WASHED,amplicon,6,seq230714_FWU63,/home/jovyan/work/CCRP/MATRIX/RawData/Microbiomics/Metagenomics/sequencing_runs/seq230714_FWU63,T-2020-16S-c-48_S48_L001_R1_001.fastq.gz,T-2020-16S-c-48_S48_L001_R2_001.fastq.gz,T-030620-16S-w-48_S48_L001_R1_001.fastq.gz,T-030620-16S-w-48_S48_L001_R2_001.fastq.gz,T-2020-16S-c-48,T-030620-16S-w-48,T-030620-16S-w-48,True,False,LY_T_2020,SP_048,LY_T_2020__SP_048,48.0,65.0,ext,cross,large,D_30,E_18,center,Elixir,BS_200603_W_1,EX_210109,LP_230323_16S,LY_T_2020__SP_048__BS_200603_W_1,LY_T_2020__SP_048__BS_200603_W_1__EX_210109,LY_T_2020__SP_048__BS_200603_W_1__EX_210109__LP_230323_16S
T-030620-w-47,,47.0,2020-06-03,deep,64.0,ext,other,large,D_30,E_18,other,,,,,,,elixir,,,,,,,,,1.0,2021-01-09,2.2,customized,16S,1,6G,2023-03-23,2023-03-23,11.84,3,S518,CTATTAAG,N706,TAGGCATG,174,T-2020-16S-c-47,seq230714_FWU63,,,2020,WASHED,amplicon,6,seq230714_FWU63,/home/jovyan/work/CCRP/MATRIX/RawData/Microbiomics/Metagenomics/sequencing_runs/seq230714_FWU63,T-2020-16S-c-47_S47_L001_R1_001.fastq.gz,T-2020-16S-c-47_S47_L001_R2_001.fastq.gz,T-030620-16S-w-47_S47_L001_R1_001.fastq.gz,T-030620-16S-w-47_S47_L001_R2_001.fastq.gz,T-2020-16S-c-47,T-030620-16S-w-47,T-030620-16S-w-47,True,False,LY_T_2020,SP_047,LY_T_2020__SP_047,47.0,64.0,ext,other,large,D_30,E_18,other,Elixir,BS_200603_W_1,EX_210109,LP_230323_16S,LY_T_2020__SP_047__BS_200603_W_1,LY_T_2020__SP_047__BS_200603_W_1__EX_210109,LY_T_2020__SP_047__BS_200603_W_1__EX_210109__LP_230323_16S
T-030620-w-46,,46.0,2020-06-03,deep,63.0,ext,diagonal,large,D_30,E_18,right,,,,,,,elixir,,,,,,,,,1.0,2021-01-09,0.571,customized,16S,1,6F,2023-03-23,2023-03-23,11.08,3,S517,GCGTAAGA,N706,TAGGCATG,162,T-2020-16S-c-46,seq230714_FWU63,,Alex_rust,2020,WASHED,amplicon,6,seq230714_FWU63,/home/jovyan/work/CCRP/MATRIX/RawData/Microbiomics/Metagenomics/sequencing_runs/seq230714_FWU63,T-2020-16S-c-46_S46_L001_R1_001.fastq.gz,T-2020-16S-c-46_S46_L001_R2_001.fastq.gz,T-030620-16S-w-46_S46_L001_R1_001.fastq.gz,T-030620-16S-w-46_S46_L001_R2_001.fastq.gz,T-2020-16S-c-46,T-030620-16S-w-46,T-030620-16S-w-46,True,False,LY_T_2020,SP_046,LY_T_2020__SP_046,46.0,63.0,ext,diagonal,large,D_30,E_18,right,Elixir,BS_200603_W_1,EX_210109,LP_230323_16S,LY_T_2020__SP_046__BS_200603_W_1,LY_T_2020__SP_046__BS_200603_W_1__EX_210109,LY_T_2020__SP_046__BS_200603_W_1__EX_210109__LP_230323_16S
T-030620-w-45,,45.0,2020-06-03,deep,62.0,ext,other,large,D_30,E_18,right,,,,,,,elixir,,,,,,,,,1.0,2021-01-09,1.62,customized,16S,1,6E,2023-03-23,2023-03-23,11.38,3,S516,CCTAGAGT,N706,TAGGCATG,150,T-2020-16S-c-45,seq230714_FWU63,,Alex_rust,2020,WASHED,amplicon,6,seq230714_FWU63,/home/jovyan/work/CCRP/MATRIX/RawData/Microbiomics/Metagenomics/sequencing_runs/seq230714_FWU63,T-2020-16S-c-45_S45_L001_R1_001.fastq.gz,T-2020-16S-c-45_S45_L001_R2_001.fastq.gz,T-030620-16S-w-45_S45_L001_R1_001.fastq.gz,T-030620-16S-w-45_S45_L001_R2_001.fastq.gz,T-2020-16S-c-45,T-030620-16S-w-45,T-030620-16S-w-45,True,False,LY_T_2020,SP_045,LY_T_2020__SP_045,45.0,62.0,ext,other,large,D_30,E_18,right,Elixir,BS_200603_W_1,EX_210109,LP_230323_16S,LY_T_2020__SP_045__BS_200603_W_1,LY_T_2020__SP_045__BS_200603_W_1__EX_210109,LY_T_2020__SP_045__BS_200603_W_1__EX_210109__LP_230323_16S
T-030620-w-44,,44.0,2020-06-03,deep,61.0,middle,diagonal,large,D_30,E_18,other,,,,,,,elixir,,,,,,,,,1.0,2021-01-09,1.19,customized,16S,1,6D,2023-03-23,2023-03-23,6.64,3,S515,TTCTAGCT,N706,TAGGCATG,138,T-2020-16S-c-44,seq230714_FWU63,,,2020,WASHED,amplicon,6,seq230714_FWU63,/home/jovyan/work/CCRP/MATRIX/RawData/Microbiomics/Metagenomics/sequencing_runs/seq230714_FWU63,T-2020-16S-c-44_S44_L001_R1_001.fastq.gz,T-2020-16S-c-44_S44_L001_R2_001.fastq.gz,T-030620-16S-w-44_S44_L001_R1_001.fastq.gz,T-030620-16S-w-44_S44_L001_R2_001.fastq.gz,T-2020-16S-c-44,T-030620-16S-w-44,T-030620-16S-w-44,True,False,LY_T_2020,SP_044,LY_T_2020__SP_044,44.0,61.0,middle,diagonal,large,D_30,E_18,other,Elixir,BS_200603_W_1,EX_210109,LP_230323_16S,LY_T_2020__SP_044__BS_200603_W_1,LY_T_2020__SP_044__BS_200603_W_1__EX_210109,LY_T_2020__SP_044__BS_200603_W_1__EX_210109__LP_230323_16S
T-030620-w-43,,43.0,2020-06-03,deep,60.0,middle,cross,large,D_30,E_18,Center,,,,,,,elixir,,,,,,,,,1.0,2021-01-09,1.03,customized,16S,1,6C,2023-03-23,2023-03-23,7.79,3,S513,TCGACTAG,N706,TAGGCATG,126,T-2020-16S-c-43,seq230714_FWU63,,,2020,WASHED,amplicon,6,seq230714_FWU63,/home/jovyan/work/CCRP/MATRIX/RawData/Microbiomics/Metagenomics/sequencing_runs/seq230714_FWU63,T-2020-16S-c-43_S43_L001_R1_001.fastq.gz,T-2020-16S-c-43_S43_L001_R2_001.fastq.gz,T-030620-16S-w-43_S43_L001_R1_001.fastq.gz,T-030620-16S-w-43_S43_L001_R2_001.fastq.gz,T-2020-16S-c-43,T-030620-16S-w-43,T-030620-16S-w-43,True,False,LY_T_2020,SP_043,LY_T_2020__SP_043,43.0,60.0,middle,cross,large,D_30,E_18,center,Elixir,BS_200603_W_1,EX_210109,LP_230323_16S,LY_T_2020__SP_043__BS_200603_W_1,LY_T_2020__SP_043__BS_200603_W_1__EX_210109,LY_T_2020__SP_043__BS_200603_W_1__EX_210109__LP_230323_16S
T-030620-w-42,,42.0,2020-06-03,deep,59.0,middle,diagonal,large,D_30,E_18,other,,,,,,,elixir,,,,,,,,,1.0,2021-01-09,0.437,customized,16S,1,6B,2023-03-23,2023-03-23,10.83,3,S511,TCTCTCCG,N706,TAGGCATG,114,T-2020-16S-c-42,seq230714_FWU63,,,2020,WASHED,amplicon,6,seq230714_FWU63,/home/jovyan/work/CCRP/MATRIX/RawData/Microbiomics/Metagenomics/sequencing_runs/seq230714_FWU63,T-2020-16S-c-42_S42_L001_R1_001.fastq.gz,T-2020-16S-c-42_S42_L001_R2_001.fastq.gz,T-030620-16S-w-42_S42_L001_R1_001.fastq.gz,T-030620-16S-w-42_S42_L001_R2_001.fastq.gz,T-2020-16S-c-42,T-030620-16S-w-42,T-030620-16S-w-42,True,False,LY_T_2020,SP_042,LY_T_2020__SP_042,42.0,59.0,middle,diagonal,large,D_30,E_18,other,Elixir,BS_200603_W_1,EX_210109,LP_230323_16S,LY_T_2020__SP_042__BS_200603_W_1,LY_T_2020__SP_042__BS_200603_W_1__EX_210109,LY_T_2020__SP_042__BS_200603_W_1__EX_210109__LP_230323_16S
T-030620-w-41,,41.0,2020-06-03,deep,58.0,ext,other,large,D_30,E_18,left,,,,,,,elixir,,,,,,,,,1.0,2021-01-09,0.808,customized,16S,1,6A,2023-03-23,2023-03-23,12.38,3,S510,CGTCTAAT,N706,TAGGCATG,102,T-2020-16S-c-41,seq230714_FWU63,,,2020,WASHED,amplicon,6,seq230714_FWU63,/home/jovyan/work/CCRP/MATRIX/RawData/Microbiomics/Metagenomics/sequencing_runs/seq230714_FWU63,T-2020-16S-c-41_S41_L001_R1_001.fastq.gz,T-2020-16S-c-41_S41_L001_R2_001.fastq.gz,T-030620-16S-w-41_S41_L001_R1_001.fastq.gz,T-030620-16S-w-41_S41_L001_R2_001.fastq.gz,T-2020-16S-c-41,T-030620-16S-w-41,T-030620-16S-w-41,True,False,LY_T_2020,SP_041,LY_T_2020__SP_041,41.0,58.0,ext,other,large,D_30,E_18,left,Elixir,BS_200603_W_1,EX_210109,LP_230323_16S,LY_T_2020__SP_041__BS_200603_W_1,LY_T_2020__SP_041__BS_200603_W_1__EX_210109,LY_T_2020__SP_041__BS_200603_W_1__EX_210109__LP_230323_16S
T-030620-w-40,,40.0,2020-06-03,deep,57.0,ext,cross,large,D_30,E_18,left,,,,,,,elixir,,,,,,,,,1.0,2021-01-09,0.828,customized,16S,1,5H,2023-03-23,2023-03-23,21.05,3,S520,AAGGCTAT,N705,GGACTCCT,185,T-2020-16S-c-40,seq230714_FWU63,,,2020,WASHED,amplicon,6,seq230714_FWU63,/home/jovyan/work/CCRP/MATRIX/RawData/Microbiomics/Metagenomics/sequencing_runs/seq230714_FWU63,T-2020-16S-c-40_S40_L001_R1_001.fastq.gz,T-2020-16S-c-40_S40_L001_R2_001.fastq.gz,T-030620-16S-w-40_S40_L001_R1_001.fastq.gz,T-030620-16S-w-40_S40_L001_R2_001.fastq.gz,T-2020-16S-c-40,T-030620-16S-w-40,T-030620-16S-w-40,True,False,LY_T_2020,SP_040,LY_T_2020__SP_040,40.0,57.0,ext,cross,large,D_30,E_18,left,Elixir,BS_200603_W_1,EX_210109,LP_230323_16S,LY_T_2020__SP_040__BS_200603_W_1,LY_T_2020__SP_040__BS_200603_W_1__EX_210109,LY_T_2020__SP_040__BS_200603_W_1__EX_210109__LP_230323_16S
T-030620-w-39,,39.0,2020-06-03,deep,51.0,middle,other,small,D_30,E_18,other,,,,,,,elixir,,,,,,,,,1.0,2021-01-09,1.07,customized,16S,1,5G,2023-03-23,2023-03-23,11.08,3,S518,CTATTAAG,N705,GGACTCCT,173,T-2020-16S-c-39,seq230714_FWU63,,Alex_destroyed,2020,WASHED,amplicon,6,seq230714_FWU63,/home/jovyan/work/CCRP/MATRIX/RawData/Microbiomics/Metagenomics/sequencing_runs/seq230714_FWU63,T-2020-16S-c-39_S39_L001_R1_001.fastq.gz,T-2020-16S-c-39_S39_L001_R2_001.fastq.gz,T-030620-16S-w-39_S39_L001_R1_001.fastq.gz,T-030620-16S-w-39_S39_L001_R2_001.fastq.gz,T-2020-16S-c-39,T-030620-16S-w-39,T-030620-16S-w-39,True,False,LY_T_2020,SP_039,LY_T_2020__SP_039,39.0,51.0,middle,other,small,D_30,E_18,other,Elixir,BS_200603_W_1,EX_210109,LP_230323_16S,LY_T_2020__SP_039__BS_200603_W_1,LY_T_2020__SP_039__BS_200603_W_1__EX_210109,LY_T_2020__SP_039__BS_200603_W_1__EX_210109__LP_230323_16S
T-030620-w-38,,38.0,2020-06-03,deep,49.0,middle,other,small,D_30,D_15,other,,,,,,,elixir,,,,,,,,,1.0,2021-01-09,1.02,customized,16S,1,5F,2023-03-23,2023-03-23,9.98,3,S517,GCGTAAGA,N705,GGACTCCT,161,T-2020-16S-c-38,seq230714_FWU63,,,2020,WASHED,amplicon,6,seq230714_FWU63,/home/jovyan/work/CCRP/MATRIX/RawData/Microbiomics/Metagenomics/sequencing_runs/seq230714_FWU63,T-2020-16S-c-38_S38_L001_R1_001.fastq.gz,T-2020-16S-c-38_S38_L001_R2_001.fastq.gz,T-030620-16S-w-38_S38_L001_R1_001.fastq.gz,T-030620-16S-w-38_S38_L001_R2_001.fastq.gz,T-2020-16S-c-38,T-030620-16S-w-38,T-030620-16S-w-38,True,False,LY_T_2020,SP_038,LY_T_2020__SP_038,38.0,49.0,middle,other,small,D_30,D_15,other,Elixir,BS_200603_W_1,EX_210109,LP_230323_16S,LY_T_2020__SP_038__BS_200603_W_1,LY_T_2020__SP_038__BS_200603_W_1__EX_210109,LY_T_2020__SP_038__BS_200603_W_1__EX_210109__LP_230323_16S
T-030620-w-37,,37.0,2020-06-03,deep,47.0,middle,other,small,D_30,D_15,other,,,,,,,elixir,,,,,,,,,1.0,2021-01-09,2.09,customized,16S,1,5E,2023-03-23,2023-03-23,10.37,3,S516,CCTAGAGT,N705,GGACTCCT,149,T-2020-16S-c-37,seq230714_FWU63,,,2020,WASHED,amplicon,6,seq230714_FWU63,/home/jovyan/work/CCRP/MATRIX/RawData/Microbiomics/Metagenomics/sequencing_runs/seq230714_FWU63,T-2020-16S-c-37_S37_L001_R1_001.fastq.gz,T-2020-16S-c-37_S37_L001_R2_001.fastq.gz,T-030620-16S-w-37_S37_L001_R1_001.fastq.gz,T-030620-16S-w-37_S37_L001_R2_001.fastq.gz,T-2020-16S-c-37,T-030620-16S-w-37,T-030620-16S-w-37,True,False,LY_T_2020,SP_037,LY_T_2020__SP_037,37.0,47.0,middle,other,small,D_30,D_15,other,Elixir,BS_200603_W_1,EX_210109,LP_230323_16S,LY_T_2020__SP_037__BS_200603_W_1,LY_T_2020__SP_037__BS_200603_W_1__EX_210109,LY_T_2020__SP_037__BS_200603_W_1__EX_210109__LP_230323_16S
T-030620-w-36,,36.0,2020-06-03,deep,41.0,middle,other,small,D_30,D_15,other,,,,,,,elixir,,,,,,,,,1.0,2021-01-09,1.33,customized,16S,1,5D,2023-03-23,2023-03-23,8.24,3,S515,TTCTAGCT,N705,GGACTCCT,137,T-2020-16S-c-36,seq230714_FWU63,,,2020,WASHED,amplicon,6,seq230714_FWU63,/home/jovyan/work/CCRP/MATRIX/RawData/Microbiomics/Metagenomics/sequencing_runs/seq230714_FWU63,T-2020-16S-c-36_S36_L001_R1_001.fastq.gz,T-2020-16S-c-36_S36_L001_R2_001.fastq.gz,T-030620-16S-w-36_S36_L001_R1_001.fastq.gz,T-030620-16S-w-36_S36_L001_R2_001.fastq.gz,T-2020-16S-c-36,T-030620-16S-w-36,T-030620-16S-w-36,True,False,LY_T_2020,SP_036,LY_T_2020__SP_036,36.0,41.0,middle,other,small,D_30,D_15,other,Elixir,BS_200603_W_1,EX_210109,LP_230323_16S,LY_T_2020__SP_036__BS_200603_W_1,LY_T_2020__SP_036__BS_200603_W_1__EX_210109,LY_T_2020__SP_036__BS_200603_W_1__EX_210109__LP_230323_16S
T-030620-w-35,,35.0,2020-06-03,deep,39.0,middle,other,small,D_30,D_15,other,,,,,,,elixir,,,,,,,,,1.0,2021-01-09,0.948,customized,16S,1,5C,2023-03-23,2023-03-23,9.42,3,S513,TCGACTAG,N705,GGACTCCT,125,T-2020-16S-c-35,seq230714_FWU63,,Alex_broken,2020,WASHED,amplicon,6,seq230714_FWU63,/home/jovyan/work/CCRP/MATRIX/RawData/Microbiomics/Metagenomics/sequencing_runs/seq230714_FWU63,T-2020-16S-c-35_S35_L001_R1_001.fastq.gz,T-2020-16S-c-35_S35_L001_R2_001.fastq.gz,T-030620-16S-w-35_S35_L001_R1_001.fastq.gz,T-030620-16S-w-35_S35_L001_R2_001.fastq.gz,T-2020-16S-c-35,T-030620-16S-w-35,T-030620-16S-w-35,True,False,LY_T_2020,SP_035,LY_T_2020__SP_035,35.0,39.0,middle,other,small,D_30,D_15,other,Elixir,BS_200603_W_1,EX_210109,LP_230323_16S,LY_T_2020__SP_035__BS_200603_W_1,LY_T_2020__SP_035__BS_200603_W_1__EX_210109,LY_T_2020__SP_035__BS_200603_W_1__EX_210109__LP_230323_16S
T-030620-w-34,,34.0,2020-06-03,deep,37.0,middle,other,small,D_30,D_15,other,,,,,,,elixir,,,,,,,,,1.0,2021-01-09,1.04,customized,16S,1,5B,2023-03-23,2023-03-23,9.18,3,S511,TCTCTCCG,N705,GGACTCCT,113,T-2020-16S-c-34,seq230714_FWU63,,,2020,WASHED,amplicon,6,seq230714_FWU63,/home/jovyan/work/CCRP/MATRIX/RawData/Microbiomics/Metagenomics/sequencing_runs/seq230714_FWU63,T-2020-16S-c-34_S34_L001_R1_001.fastq.gz,T-2020-16S-c-34_S34_L001_R2_001.fastq.gz,T-030620-16S-w-34_S34_L001_R1_001.fastq.gz,T-030620-16S-w-34_S34_L001_R2_001.fastq.gz,T-2020-16S-c-34,T-030620-16S-w-34,T-030620-16S-w-34,True,False,LY_T_2020,SP_034,LY_T_2020__SP_034,34.0,37.0,middle,other,small,D_30,D_15,other,Elixir,BS_200603_W_1,EX_210109,LP_230323_16S,LY_T_2020__SP_034__BS_200603_W_1,LY_T_2020__SP_034__BS_200603_W_1__EX_210109,LY_T_2020__SP_034__BS_200603_W_1__EX_210109__LP_230323_16S
T-030620-w-33,,33.0,2020-06-03,deep,36.0,middle,other,medium,D_30,D_15,other,,,,,,,elixir,,,,,,,,,1.0,2021-01-09,3.0,customized,16S,1,5A,2023-03-23,2023-03-23,9.63,3,S510,CGTCTAAT,N705,GGACTCCT,101,T-2020-16S-c-33,seq230714_FWU63,,,2020,WASHED,amplicon,6,seq230714_FWU63,/home/jovyan/work/CCRP/MATRIX/RawData/Microbiomics/Metagenomics/sequencing_runs/seq230714_FWU63,T-2020-16S-c-33_S33_L001_R1_001.fastq.gz,T-2020-16S-c-33_S33_L001_R2_001.fastq.gz,T-030620-16S-w-33_S33_L001_R1_001.fastq.gz,T-030620-16S-w-33_S33_L001_R2_001.fastq.gz,T-2020-16S-c-33,T-030620-16S-w-33,T-030620-16S-w-33,True,False,LY_T_2020,SP_033,LY_T_2020__SP_033,33.0,36.0,middle,other,medium,D_30,D_15,other,Elixir,BS_200603_W_1,EX_210109,LP_230323_16S,LY_T_2020__SP_033__BS_200603_W_1,LY_T_2020__SP_033__BS_200603_W_1__EX_210109,LY_T_2020__SP_033__BS_200603_W_1__EX_210109__LP_230323_16S
T-030620-w-32,,32.0,2020-06-03,deep,34.0,middle,other,medium,D_30,D_15,other,,,,,,,elixir,,,,,,,,,1.0,2021-01-09,0.579,customized,16S,1,4H,2023-03-23,2023-03-23,9.78,3,S520,AAGGCTAT,N704,TCCTGAGC,184,T-2020-16S-c-32,seq230714_FWU63,,,2020,WASHED,amplicon,6,seq230714_FWU63,/home/jovyan/work/CCRP/MATRIX/RawData/Microbiomics/Metagenomics/sequencing_runs/seq230714_FWU63,T-2020-16S-c-32_S32_L001_R1_001.fastq.gz,T-2020-16S-c-32_S32_L001_R2_001.fastq.gz,T-030620-16S-w-32_S32_L001_R1_001.fastq.gz,T-030620-16S-w-32_S32_L001_R2_001.fastq.gz,T-2020-16S-c-32,T-030620-16S-w-32,T-030620-16S-w-32,True,False,LY_T_2020,SP_032,LY_T_2020__SP_032,32.0,34.0,middle,other,medium,D_30,D_15,other,Elixir,BS_200603_W_1,EX_210109,LP_230323_16S,LY_T_2020__SP_032__BS_200603_W_1,LY_T_2020__SP_032__BS_200603_W_1__EX_210109,LY_T_2020__SP_032__BS_200603_W_1__EX_210109__LP_230323_16S
T-030620-w-31,,31.0,2020-06-03,deep,33.0,middle,other,medium,D_30,D_15,other,,,,,,,elixir,,,,,,,,,1.0,2021-01-09,0.497,customized,16S,1,4G,2023-03-23,2023-03-23,16.66,3,S518,CTATTAAG,N704,TCCTGAGC,172,T-2020-16S-c-31,seq230714_FWU63,,Alex_big,2020,WASHED,amplicon,6,seq230714_FWU63,/home/jovyan/work/CCRP/MATRIX/RawData/Microbiomics/Metagenomics/sequencing_runs/seq230714_FWU63,T-2020-16S-c-31_S31_L001_R1_001.fastq.gz,T-2020-16S-c-31_S31_L001_R2_001.fastq.gz,T-030620-16S-w-31_S31_L001_R1_001.fastq.gz,T-030620-16S-w-31_S31_L001_R2_001.fastq.gz,T-2020-16S-c-31,T-030620-16S-w-31,T-030620-16S-w-31,True,False,LY_T_2020,SP_031,LY_T_2020__SP_031,31.0,33.0,middle,other,medium,D_30,D_15,other,Elixir,BS_200603_W_1,EX_210109,LP_230323_16S,LY_T_2020__SP_031__BS_200603_W_1,LY_T_2020__SP_031__BS_200603_W_1__EX_210109,LY_T_2020__SP_031__BS_200603_W_1__EX_210109__LP_230323_16S
T-030620-w-30,,30.0,2020-06-03,deep,32.0,middle,other,medium,D_30,D_15,other,,,,,,,elixir,,,,,,,,,1.0,2021-01-09,0.706,customized,16S,1,4F,2023-03-23,2023-03-23,10.85,3,S517,GCGTAAGA,N704,TCCTGAGC,160,T-2020-16S-c-30,seq230714_FWU63,,,2020,WASHED,amplicon,6,seq230714_FWU63,/home/jovyan/work/CCRP/MATRIX/RawData/Microbiomics/Metagenomics/sequencing_runs/seq230714_FWU63,T-2020-16S-c-30_S30_L001_R1_001.fastq.gz,T-2020-16S-c-30_S30_L001_R2_001.fastq.gz,T-030620-16S-w-30_S30_L001_R1_001.fastq.gz,T-030620-16S-w-30_S30_L001_R2_001.fastq.gz,T-2020-16S-c-30,T-030620-16S-w-30,T-030620-16S-w-30,True,False,LY_T_2020,SP_030,LY_T_2020__SP_030,30.0,32.0,middle,other,medium,D_30,D_15,other,Elixir,BS_200603_W_1,EX_210109,LP_230323_16S,LY_T_2020__SP_030__BS_200603_W_1,LY_T_2020__SP_030__BS_200603_W_1__EX_210109,LY_T_2020__SP_030__BS_200603_W_1__EX_210109__LP_230323_16S
T-030620-w-29,,29.0,2020-06-03,deep,31.0,middle,other,medium,D_30,D_15,Center,,,,,,,elixir,,,,,,,,,1.0,2021-01-09,0.532,customized,16S,1,4E,2023-03-23,2023-03-23,15.49,3,S516,CCTAGAGT,N704,TCCTGAGC,148,T-2020-16S-c-29,seq230714_FWU63,,,2020,WASHED,amplicon,6,seq230714_FWU63,/home/jovyan/work/CCRP/MATRIX/RawData/Microbiomics/Metagenomics/sequencing_runs/seq230714_FWU63,T-2020-16S-c-29_S29_L001_R1_001.fastq.gz,T-2020-16S-c-29_S29_L001_R2_001.fastq.gz,T-030620-16S-w-29_S29_L001_R1_001.fastq.gz,T-030620-16S-w-29_S29_L001_R2_001.fastq.gz,T-2020-16S-c-29,T-030620-16S-w-29,T-030620-16S-w-29,True,False,LY_T_2020,SP_029,LY_T_2020__SP_029,29.0,31.0,middle,other,medium,D_30,D_15,center,Elixir,BS_200603_W_1,EX_210109,LP_230323_16S,LY_T_2020__SP_029__BS_200603_W_1,LY_T_2020__SP_029__BS_200603_W_1__EX_210109,LY_T_2020__SP_029__BS_200603_W_1__EX_210109__LP_230323_16S
T-030620-w-27,,27.0,2020-06-03,deep,29.0,middle,other,medium,D_30,D_15,other,,,,,,,elixir,,,,,,,,,1.0,2021-01-09,0.962,customized,16S,1,4C,2023-03-23,2023-03-23,8.98,3,S513,TCGACTAG,N704,TCCTGAGC,124,T-2020-16S-c-27,seq230714_FWU63,,,2020,WASHED,amplicon,6,seq230714_FWU63,/home/jovyan/work/CCRP/MATRIX/RawData/Microbiomics/Metagenomics/sequencing_runs/seq230714_FWU63,T-2020-16S-c-27_S27_L001_R1_001.fastq.gz,T-2020-16S-c-27_S27_L001_R2_001.fastq.gz,T-030620-16S-w-27_S27_L001_R1_001.fastq.gz,T-030620-16S-w-27_S27_L001_R2_001.fastq.gz,T-2020-16S-c-27,T-030620-16S-w-27,T-030620-16S-w-27,True,False,LY_T_2020,SP_027,LY_T_2020__SP_027,27.0,29.0,middle,other,medium,D_30,D_15,other,Elixir,BS_200603_W_1,EX_210109,LP_230323_16S,LY_T_2020__SP_027__BS_200603_W_1,LY_T_2020__SP_027__BS_200603_W_1__EX_210109,LY_T_2020__SP_027__BS_200603_W_1__EX_210109__LP_230323_16S
ZymoBIOMICS-Microbial-Community-DNA-Standard-D6306,,,,,,,,,,,,,,,,,,,,,,,,,,,,,,customized,16S,1,7F,2023-03-23,2023-03-23,24.49,3,S517,GCGTAAGA,N707,CTCTCTAC,163,T-2020-16S-c-pos,seq230714_FWU63,,,2020,WASHED,amplicon,6,seq230714_FWU63,/home/jovyan/work/CCRP/MATRIX/RawData/Microbiomics/Metagenomics/sequencing_runs/seq230714_FWU63,T-2020-16S-c-pos_S54_L001_R1_001.fastq.gz,T-2020-16S-c-pos_S54_L001_R2_001.fastq.gz,T-2020-16S-w-P1-pos_S54_L001_R1_001.fastq.gz,T-2020-16S-w-P1-pos_S54_L001_R2_001.fastq.gz,T-2020-16S-c-pos,T-2020-16S-w-P1-pos,T-2020-16S-w-P1-pos,True,False,LY_X_0000,SP_000,LY_X_0000__SP_000,,,,,,,,,,BS_ZYMCTL_X_0,EX_000000,LP_230323_16S,LY_X_0000__SP_000__BS_ZYMCTL_X_0,LY_X_0000__SP_000__BS_ZYMCTL_X_0__EX_000000,LY_X_0000__SP_000__BS_ZYMCTL_X_0__EX_000000__LP_230323_16S
