LY_SP,LY,SP,SP_sample_number,SP_cultivar,SP_plot,SP_subplot,SP_block,SP_spray_fungicide,SP_density,SP_location,SP_fertilizer,SP_spray,SP_lane,SP_parcel,SP_id_on_field_2022,SP_fertiliser,SP_distance_LY_T_2020,SP_grid_point_LY_T_2020,SP_grid_number_LY_T_2020,SP_scheme_LY_T_2020,SP_sampling_1_LY_T_2020,SP_edge_LY_T_2020,SP_sampling_0_LY_T_2020
LY_X_0000__SP_000,LY_X_0000,SP_000,0,,,,,,,,,,,,,,,,,,,,
LY_Z_0000__SP_000,LY_Z_0000,SP_000,0,,,,,,,,,,,,,,,,,,,,
LY_T_2020__SP_001,LY_T_2020,SP_001,1,Elixir,,,,,,,,,,,,,diagonal,ext,1.0,large,A_2,right,A_3
LY_T_2020__SP_002,LY_T_2020,SP_002,2,Elixir,,,,,,,,,,,,,other,ext,2.0,large,C_10,other,C_10
LY_T_2020__SP_003,LY_T_2020,SP_003,3,Elixir,,,,,,,,,,,,,cross,ext,3.0,large,D_15,center,D_30
LY_T_2020__SP_004,LY_T_2020,SP_004,4,Elixir,,,,,,,,,,,,,other,ext,4.0,large,E_18,other,D_30
LY_T_2020__SP_005,LY_T_2020,SP_005,5,Elixir,,,,,,,,,,,,,diagonal,ext,5.0,large,E_18,left,D_30
LY_T_2020__SP_006,LY_T_2020,SP_006,6,Elixir,,,,,,,,,,,,,other,ext,6.0,large,E_18,left,D_30
LY_T_2020__SP_007,LY_T_2020,SP_007,7,Elixir,,,,,,,,,,,,,diagonal,middle,7.0,large,E_18,other,D_30
LY_T_2020__SP_008,LY_T_2020,SP_008,8,Elixir,,,,,,,,,,,,,other,middle,8.0,medium,E_18,other,D_30
LY_T_2020__SP_009,LY_T_2020,SP_009,9,Elixir,,,,,,,,,,,,,other,middle,9.0,medium,E_18,other,D_30
LY_T_2020__SP_010,LY_T_2020,SP_010,10,Elixir,,,,,,,,,,,,,other,middle,10.0,medium,A_2,other,A_3
LY_T_2020__SP_011,LY_T_2020,SP_011,11,Elixir,,,,,,,,,,,,,cross,middle,11.0,large,B_5,center,A_3
LY_T_2020__SP_012,LY_T_2020,SP_012,12,Elixir,,,,,,,,,,,,,diagonal,middle,12.0,large,B_5,other,B_6
LY_T_2020__SP_013,LY_T_2020,SP_013,13,Elixir,,,,,,,,,,,,,other,ext,13.0,large,B_5,right,B_6
LY_T_2020__SP_014,LY_T_2020,SP_014,14,Elixir,,,,,,,,,,,,,cross,ext,14.0,large,B_5,right,B_6
LY_T_2020__SP_015,LY_T_2020,SP_015,15,Elixir,,,,,,,,,,,,,cross,middle,15.0,large,B_5,other,B_6
LY_T_2020__SP_016,LY_T_2020,SP_016,16,Elixir,,,,,,,,,,,,,diagonal,middle,16.0,medium,C_10,center,B_6
LY_T_2020__SP_017,LY_T_2020,SP_017,17,Elixir,,,,,,,,,,,,,cross,middle,18.0,small,C_10,other,B_6
LY_T_2020__SP_018,LY_T_2020,SP_018,18,Elixir,,,,,,,,,,,,,other,middle,20.0,small,C_10,other,C_10
LY_T_2020__SP_019,LY_T_2020,SP_019,19,Elixir,,,,,,,,,,,,,other,middle,21.0,medium,C_10,other,C_10
LY_T_2020__SP_020,LY_T_2020,SP_020,20,Elixir,,,,,,,,,,,,,other,middle,22.0,medium,C_10,other,C_10
LY_T_2020__SP_021,LY_T_2020,SP_021,21,Elixir,,,,,,,,,,,,,cross,middle,23.0,large,C_10,other,C_10
LY_T_2020__SP_022,LY_T_2020,SP_022,22,Elixir,,,,,,,,,,,,,other,middle,24.0,medium,C_10,other,C_10
LY_T_2020__SP_023,LY_T_2020,SP_023,23,Elixir,,,,,,,,,,,,,other,middle,25.0,medium,C_10,other,C_10
LY_T_2020__SP_024,LY_T_2020,SP_024,24,Elixir,,,,,,,,,,,,,other,middle,26.0,medium,C_10,other,C_10
LY_T_2020__SP_025,LY_T_2020,SP_025,25,Elixir,,,,,,,,,,,,,other,middle,27.0,medium,D_15,other,C_10
LY_T_2020__SP_026,LY_T_2020,SP_026,26,Elixir,,,,,,,,,,,,,other,middle,28.0,medium,D_15,other,C_10
LY_T_2020__SP_027,LY_T_2020,SP_027,27,Elixir,,,,,,,,,,,,,other,middle,29.0,medium,D_15,other,D_30
LY_T_2020__SP_028,LY_T_2020,SP_028,28,Elixir,,,,,,,,,,,,,other,middle,30.0,medium,D_15,center,D_30
LY_T_2020__SP_029,LY_T_2020,SP_029,29,Elixir,,,,,,,,,,,,,other,middle,31.0,medium,D_15,center,D_30
LY_T_2020__SP_030,LY_T_2020,SP_030,30,Elixir,,,,,,,,,,,,,other,middle,32.0,medium,D_15,other,D_30
LY_T_2020__SP_031,LY_T_2020,SP_031,31,Elixir,,,,,,,,,,,,,other,middle,33.0,medium,D_15,other,D_30
LY_T_2020__SP_032,LY_T_2020,SP_032,32,Elixir,,,,,,,,,,,,,other,middle,34.0,medium,D_15,other,D_30
LY_T_2020__SP_033,LY_T_2020,SP_033,33,Elixir,,,,,,,,,,,,,other,middle,36.0,medium,D_15,other,D_30
LY_T_2020__SP_034,LY_T_2020,SP_034,34,Elixir,,,,,,,,,,,,,other,middle,37.0,small,D_15,other,D_30
LY_T_2020__SP_035,LY_T_2020,SP_035,35,Elixir,,,,,,,,,,,,,other,middle,39.0,small,D_15,other,D_30
LY_T_2020__SP_036,LY_T_2020,SP_036,36,Elixir,,,,,,,,,,,,,other,middle,41.0,small,D_15,other,D_30
LY_T_2020__SP_037,LY_T_2020,SP_037,37,Elixir,,,,,,,,,,,,,other,middle,47.0,small,D_15,other,D_30
LY_T_2020__SP_038,LY_T_2020,SP_038,38,Elixir,,,,,,,,,,,,,other,middle,49.0,small,D_15,other,D_30
LY_T_2020__SP_039,LY_T_2020,SP_039,39,Elixir,,,,,,,,,,,,,other,middle,51.0,small,E_18,other,D_30
LY_T_2020__SP_040,LY_T_2020,SP_040,40,Elixir,,,,,,,,,,,,,cross,ext,57.0,large,E_18,left,D_30
LY_T_2020__SP_041,LY_T_2020,SP_041,41,Elixir,,,,,,,,,,,,,other,ext,58.0,large,E_18,left,D_30
LY_T_2020__SP_042,LY_T_2020,SP_042,42,Elixir,,,,,,,,,,,,,diagonal,middle,59.0,large,E_18,other,D_30
LY_T_2020__SP_043,LY_T_2020,SP_043,43,Elixir,,,,,,,,,,,,,cross,middle,60.0,large,E_18,center,D_30
LY_T_2020__SP_044,LY_T_2020,SP_044,44,Elixir,,,,,,,,,,,,,diagonal,middle,61.0,large,E_18,other,D_30
LY_T_2020__SP_045,LY_T_2020,SP_045,45,Elixir,,,,,,,,,,,,,other,ext,62.0,large,E_18,right,D_30
LY_T_2020__SP_046,LY_T_2020,SP_046,46,Elixir,,,,,,,,,,,,,diagonal,ext,63.0,large,E_18,right,D_30
LY_T_2020__SP_047,LY_T_2020,SP_047,47,Elixir,,,,,,,,,,,,,other,ext,64.0,large,E_18,other,D_30
LY_T_2020__SP_048,LY_T_2020,SP_048,48,Elixir,,,,,,,,,,,,,cross,ext,65.0,large,E_18,center,D_30
LY_T_2020__SP_049,LY_T_2020,SP_049,49,Elixir,,,,,,,,,,,,,other,ext,66.0,large,E_18,other,D_30
LY_T_2020__SP_050,LY_T_2020,SP_050,50,Elixir,,,,,,,,,,,,,diagonal,ext,67.0,large,E_18,left,D_30
LY_T_2021__SP_001,LY_T_2021,SP_001,1,Heerup,1.0,1.0,1.0,False,450.0,,HALF,,,,,,,,,,,,
LY_T_2021__SP_002,LY_T_2021,SP_002,2,Heerup,2.0,1.0,1.0,False,300.0,,HALF,,,,,,,,,,,,
LY_T_2021__SP_003,LY_T_2021,SP_003,3,Kvium,3.0,1.0,1.0,False,450.0,,HALF,,,,,,,,,,,,
LY_T_2021__SP_004,LY_T_2021,SP_004,4,Sheriff,4.0,1.0,1.0,False,300.0,,HALF,,,,,,,,,,,,
LY_T_2021__SP_005,LY_T_2021,SP_005,5,Rembrandt,5.0,1.0,1.0,False,150.0,,HALF,,,,,,,,,,,,
LY_T_2021__SP_006,LY_T_2021,SP_006,6,Rembrandt,6.0,1.0,1.0,False,450.0,,HALF,,,,,,,,,,,,
LY_T_2021__SP_007,LY_T_2021,SP_007,7,Heerup,7.0,1.0,1.0,False,150.0,,HALF,,,,,,,,,,,,
LY_T_2021__SP_008,LY_T_2021,SP_008,8,Sheriff,8.0,1.0,1.0,False,450.0,,HALF,,,,,,,,,,,,
LY_T_2021__SP_009,LY_T_2021,SP_009,9,Kvium,9.0,1.0,1.0,False,300.0,,HALF,,,,,,,,,,,,
LY_T_2021__SP_010,LY_T_2021,SP_010,10,Sheriff,10.0,1.0,1.0,False,150.0,,HALF,,,,,,,,,,,,
LY_T_2021__SP_011,LY_T_2021,SP_011,11,Rembrandt,11.0,1.0,1.0,False,300.0,,HALF,,,,,,,,,,,,
LY_T_2021__SP_012,LY_T_2021,SP_012,12,Kvium,12.0,1.0,1.0,False,150.0,,HALF,,,,,,,,,,,,
LY_T_2021__SP_013,LY_T_2021,SP_013,13,Kvium,13.0,2.0,1.0,False,150.0,,NORMAL,,,,,,,,,,,,
LY_T_2021__SP_014,LY_T_2021,SP_014,14,Sheriff,14.0,2.0,1.0,False,150.0,,NORMAL,,,,,,,,,,,,
LY_T_2021__SP_015,LY_T_2021,SP_015,15,Sheriff,15.0,2.0,1.0,False,450.0,,NORMAL,,,,,,,,,,,,
LY_T_2021__SP_016,LY_T_2021,SP_016,16,Heerup,16.0,2.0,1.0,False,450.0,,NORMAL,,,,,,,,,,,,
LY_T_2021__SP_017,LY_T_2021,SP_017,17,Rembrandt,17.0,2.0,1.0,False,300.0,,NORMAL,,,,,,,,,,,,
LY_T_2021__SP_018,LY_T_2021,SP_018,18,Heerup,18.0,2.0,1.0,False,300.0,,NORMAL,,,,,,,,,,,,
LY_T_2021__SP_019,LY_T_2021,SP_019,19,Kvium,19.0,2.0,1.0,False,300.0,,NORMAL,,,,,,,,,,,,
LY_T_2021__SP_020,LY_T_2021,SP_020,20,Sheriff,20.0,2.0,1.0,False,300.0,,NORMAL,,,,,,,,,,,,
LY_T_2021__SP_021,LY_T_2021,SP_021,21,Heerup,21.0,2.0,1.0,False,150.0,,NORMAL,,,,,,,,,,,,
LY_T_2021__SP_022,LY_T_2021,SP_022,22,Rembrandt,22.0,2.0,1.0,False,450.0,,NORMAL,,,,,,,,,,,,
LY_T_2021__SP_023,LY_T_2021,SP_023,23,Kvium,23.0,2.0,1.0,False,450.0,,NORMAL,,,,,,,,,,,,
LY_T_2021__SP_024,LY_T_2021,SP_024,24,Rembrandt,24.0,2.0,1.0,False,150.0,,NORMAL,,,,,,,,,,,,
LY_T_2021__SP_025,LY_T_2021,SP_025,25,Kvium,25.0,3.0,1.0,False,450.0,,HALF,,,,,,,,,,,,
LY_T_2021__SP_026,LY_T_2021,SP_026,26,Rembrandt,26.0,3.0,1.0,False,300.0,,HALF,,,,,,,,,,,,
LY_T_2021__SP_027,LY_T_2021,SP_027,27,Kvium,27.0,3.0,1.0,False,300.0,,HALF,,,,,,,,,,,,
LY_T_2021__SP_028,LY_T_2021,SP_028,28,Kvium,28.0,3.0,1.0,False,150.0,,HALF,,,,,,,,,,,,
LY_T_2021__SP_029,LY_T_2021,SP_029,29,Sheriff,29.0,3.0,1.0,False,450.0,,HALF,,,,,,,,,,,,
LY_T_2021__SP_030,LY_T_2021,SP_030,30,Heerup,30.0,3.0,1.0,False,150.0,,HALF,,,,,,,,,,,,
LY_T_2021__SP_031,LY_T_2021,SP_031,31,Sheriff,31.0,3.0,1.0,False,300.0,,HALF,,,,,,,,,,,,
LY_T_2021__SP_032,LY_T_2021,SP_032,32,Rembrandt,32.0,3.0,1.0,False,450.0,,HALF,,,,,,,,,,,,
LY_T_2021__SP_033,LY_T_2021,SP_033,33,Sheriff,33.0,3.0,1.0,False,150.0,,HALF,,,,,,,,,,,,
LY_T_2021__SP_034,LY_T_2021,SP_034,34,Rembrandt,34.0,3.0,1.0,False,150.0,,HALF,,,,,,,,,,,,
LY_T_2021__SP_035,LY_T_2021,SP_035,35,Heerup,35.0,3.0,1.0,False,450.0,,HALF,,,,,,,,,,,,
LY_T_2021__SP_036,LY_T_2021,SP_036,36,Heerup,36.0,3.0,1.0,False,300.0,,HALF,,,,,,,,,,,,
LY_T_2021__SP_037,LY_T_2021,SP_037,37,Sheriff,37.0,4.0,2.0,False,300.0,,HALF,,,,,,,,,,,,
LY_T_2021__SP_038,LY_T_2021,SP_038,38,Rembrandt,38.0,4.0,2.0,False,300.0,,HALF,,,,,,,,,,,,
LY_T_2021__SP_039,LY_T_2021,SP_039,39,Heerup,39.0,4.0,2.0,False,300.0,,HALF,,,,,,,,,,,,
LY_T_2021__SP_040,LY_T_2021,SP_040,40,Heerup,40.0,4.0,2.0,False,450.0,,HALF,,,,,,,,,,,,
LY_T_2021__SP_041,LY_T_2021,SP_041,41,Kvium,41.0,4.0,2.0,False,450.0,,HALF,,,,,,,,,,,,
LY_T_2021__SP_042,LY_T_2021,SP_042,42,Rembrandt,42.0,4.0,2.0,False,450.0,,HALF,,,,,,,,,,,,
LY_T_2021__SP_043,LY_T_2021,SP_043,43,Sheriff,43.0,4.0,2.0,False,450.0,,HALF,,,,,,,,,,,,
LY_T_2021__SP_044,LY_T_2021,SP_044,44,Kvium,44.0,4.0,2.0,False,300.0,,HALF,,,,,,,,,,,,
LY_T_2021__SP_045,LY_T_2021,SP_045,45,Rembrandt,45.0,4.0,2.0,False,150.0,,HALF,,,,,,,,,,,,
LY_T_2021__SP_046,LY_T_2021,SP_046,46,Heerup,46.0,4.0,2.0,False,150.0,,HALF,,,,,,,,,,,,
LY_T_2021__SP_047,LY_T_2021,SP_047,47,Kvium,47.0,4.0,2.0,False,150.0,,HALF,,,,,,,,,,,,
LY_T_2021__SP_048,LY_T_2021,SP_048,48,Sheriff,48.0,4.0,2.0,False,150.0,,HALF,,,,,,,,,,,,
LY_T_2021__SP_049,LY_T_2021,SP_049,49,Rembrandt,49.0,5.0,2.0,False,300.0,,NORMAL,,,,,,,,,,,,
LY_T_2021__SP_050,LY_T_2021,SP_050,50,Kvium,50.0,5.0,2.0,False,150.0,,NORMAL,,,,,,,,,,,,
LY_T_2021__SP_051,LY_T_2021,SP_051,51,Sheriff,51.0,5.0,2.0,False,300.0,,NORMAL,,,,,,,,,,,,
LY_T_2021__SP_052,LY_T_2021,SP_052,52,Rembrandt,52.0,5.0,2.0,False,450.0,,NORMAL,,,,,,,,,,,,
LY_T_2021__SP_053,LY_T_2021,SP_053,53,Heerup,53.0,5.0,2.0,False,450.0,,NORMAL,,,,,,,,,,,,
LY_T_2021__SP_054,LY_T_2021,SP_054,54,Heerup,54.0,5.0,2.0,False,300.0,,NORMAL,,,,,,,,,,,,
LY_T_2021__SP_055,LY_T_2021,SP_055,55,Rembrandt,55.0,5.0,2.0,False,150.0,,NORMAL,,,,,,,,,,,,
LY_T_2021__SP_056,LY_T_2021,SP_056,56,Heerup,56.0,5.0,2.0,False,150.0,,NORMAL,,,,,,,,,,,,
LY_T_2021__SP_057,LY_T_2021,SP_057,57,Sheriff,57.0,5.0,2.0,False,150.0,,NORMAL,,,,,,,,,,,,
LY_T_2021__SP_058,LY_T_2021,SP_058,58,Kvium,58.0,5.0,2.0,False,300.0,,NORMAL,,,,,,,,,,,,
LY_T_2021__SP_059,LY_T_2021,SP_059,59,Sheriff,59.0,5.0,2.0,False,450.0,,NORMAL,,,,,,,,,,,,
LY_T_2021__SP_060,LY_T_2021,SP_060,60,Kvium,60.0,5.0,2.0,False,450.0,,NORMAL,,,,,,,,,,,,
LY_T_2021__SP_061,LY_T_2021,SP_061,61,Sheriff,61.0,6.0,2.0,False,450.0,,HALF,,,,,,,,,,,,
LY_T_2021__SP_062,LY_T_2021,SP_062,62,Sheriff,62.0,6.0,2.0,False,300.0,,HALF,,,,,,,,,,,,
LY_T_2021__SP_063,LY_T_2021,SP_063,63,Kvium,63.0,6.0,2.0,False,450.0,,HALF,,,,,,,,,,,,
LY_T_2021__SP_064,LY_T_2021,SP_064,64,Heerup,64.0,6.0,2.0,False,450.0,,HALF,,,,,,,,,,,,
LY_T_2021__SP_065,LY_T_2021,SP_065,65,Heerup,65.0,6.0,2.0,False,150.0,,HALF,,,,,,,,,,,,
LY_T_2021__SP_066,LY_T_2021,SP_066,66,Rembrandt,66.0,6.0,2.0,False,150.0,,HALF,,,,,,,,,,,,
LY_T_2021__SP_067,LY_T_2021,SP_067,67,Kvium,67.0,6.0,2.0,False,150.0,,HALF,,,,,,,,,,,,
LY_T_2021__SP_068,LY_T_2021,SP_068,68,Rembrandt,68.0,6.0,2.0,False,450.0,,HALF,,,,,,,,,,,,
LY_T_2021__SP_069,LY_T_2021,SP_069,69,Rembrandt,69.0,6.0,2.0,False,300.0,,HALF,,,,,,,,,,,,
LY_T_2021__SP_070,LY_T_2021,SP_070,70,Heerup,70.0,6.0,2.0,False,300.0,,HALF,,,,,,,,,,,,
LY_T_2021__SP_071,LY_T_2021,SP_071,71,Sheriff,71.0,6.0,2.0,False,150.0,,HALF,,,,,,,,,,,,
LY_T_2021__SP_072,LY_T_2021,SP_072,72,Kvium,72.0,6.0,2.0,False,300.0,,HALF,,,,,,,,,,,,
LY_T_2021__SP_073,LY_T_2021,SP_073,73,Rembrandt,73.0,7.0,3.0,False,300.0,,HALF,,,,,,,,,,,,
LY_T_2021__SP_074,LY_T_2021,SP_074,74,Rembrandt,74.0,7.0,3.0,False,450.0,,HALF,,,,,,,,,,,,
LY_T_2021__SP_075,LY_T_2021,SP_075,75,Heerup,75.0,7.0,3.0,False,150.0,,HALF,,,,,,,,,,,,
LY_T_2021__SP_076,LY_T_2021,SP_076,76,Rembrandt,76.0,7.0,3.0,False,150.0,,HALF,,,,,,,,,,,,
LY_T_2021__SP_077,LY_T_2021,SP_077,77,Sheriff,77.0,7.0,3.0,False,150.0,,HALF,,,,,,,,,,,,
LY_T_2021__SP_078,LY_T_2021,SP_078,78,Heerup,78.0,7.0,3.0,False,450.0,,HALF,,,,,,,,,,,,
LY_T_2021__SP_079,LY_T_2021,SP_079,79,Kvium,79.0,7.0,3.0,False,150.0,,HALF,,,,,,,,,,,,
LY_T_2021__SP_080,LY_T_2021,SP_080,80,Kvium,80.0,7.0,3.0,False,450.0,,HALF,,,,,,,,,,,,
LY_T_2021__SP_081,LY_T_2021,SP_081,81,Heerup,81.0,7.0,3.0,False,300.0,,HALF,,,,,,,,,,,,
LY_T_2021__SP_082,LY_T_2021,SP_082,82,Sheriff,82.0,7.0,3.0,False,300.0,,HALF,,,,,,,,,,,,
LY_T_2021__SP_083,LY_T_2021,SP_083,83,Kvium,83.0,7.0,3.0,False,300.0,,HALF,,,,,,,,,,,,
LY_T_2021__SP_084,LY_T_2021,SP_084,84,Sheriff,84.0,7.0,3.0,False,450.0,,HALF,,,,,,,,,,,,
LY_T_2021__SP_085,LY_T_2021,SP_085,85,Heerup,85.0,8.0,3.0,False,150.0,,HALF,,,,,,,,,,,,
LY_T_2021__SP_086,LY_T_2021,SP_086,86,Heerup,86.0,8.0,3.0,False,300.0,,HALF,,,,,,,,,,,,
LY_T_2021__SP_087,LY_T_2021,SP_087,87,Kvium,87.0,8.0,3.0,False,300.0,,HALF,,,,,,,,,,,,
LY_T_2021__SP_088,LY_T_2021,SP_088,88,Sheriff,88.0,8.0,3.0,False,300.0,,HALF,,,,,,,,,,,,
LY_T_2021__SP_089,LY_T_2021,SP_089,89,Rembrandt,89.0,8.0,3.0,False,450.0,,HALF,,,,,,,,,,,,
LY_T_2021__SP_090,LY_T_2021,SP_090,90,Sheriff,90.0,8.0,3.0,False,150.0,,HALF,,,,,,,,,,,,
LY_T_2021__SP_091,LY_T_2021,SP_091,91,Heerup,91.0,8.0,3.0,False,450.0,,HALF,,,,,,,,,,,,
LY_T_2021__SP_092,LY_T_2021,SP_092,92,Sheriff,92.0,8.0,3.0,False,450.0,,HALF,,,,,,,,,,,,
LY_T_2021__SP_093,LY_T_2021,SP_093,93,Rembrandt,93.0,8.0,3.0,False,300.0,,HALF,,,,,,,,,,,,
LY_T_2021__SP_094,LY_T_2021,SP_094,94,Kvium,94.0,8.0,3.0,False,450.0,,HALF,,,,,,,,,,,,
LY_T_2021__SP_095,LY_T_2021,SP_095,95,Kvium,95.0,8.0,3.0,False,150.0,,HALF,,,,,,,,,,,,
LY_T_2021__SP_096,LY_T_2021,SP_096,96,Rembrandt,96.0,8.0,3.0,False,150.0,,HALF,,,,,,,,,,,,
LY_T_2021__SP_097,LY_T_2021,SP_097,97,Sheriff,97.0,9.0,3.0,False,150.0,,NORMAL,,,,,,,,,,,,
LY_T_2021__SP_098,LY_T_2021,SP_098,98,Rembrandt,98.0,9.0,3.0,False,450.0,,NORMAL,,,,,,,,,,,,
LY_T_2021__SP_099,LY_T_2021,SP_099,99,Heerup,99.0,9.0,3.0,False,450.0,,NORMAL,,,,,,,,,,,,
LY_T_2021__SP_100,LY_T_2021,SP_100,100,Kvium,100.0,9.0,3.0,False,150.0,,NORMAL,,,,,,,,,,,,
LY_T_2021__SP_101,LY_T_2021,SP_101,101,Rembrandt,101.0,9.0,3.0,False,300.0,,NORMAL,,,,,,,,,,,,
LY_T_2021__SP_102,LY_T_2021,SP_102,102,Heerup,102.0,9.0,3.0,False,300.0,,NORMAL,,,,,,,,,,,,
LY_T_2021__SP_103,LY_T_2021,SP_103,103,Rembrandt,103.0,9.0,3.0,False,150.0,,NORMAL,,,,,,,,,,,,
LY_T_2021__SP_104,LY_T_2021,SP_104,104,Sheriff,104.0,9.0,3.0,False,450.0,,NORMAL,,,,,,,,,,,,
LY_T_2021__SP_105,LY_T_2021,SP_105,105,Kvium,105.0,9.0,3.0,False,450.0,,NORMAL,,,,,,,,,,,,
LY_T_2021__SP_106,LY_T_2021,SP_106,106,Sheriff,106.0,9.0,3.0,False,300.0,,NORMAL,,,,,,,,,,,,
LY_T_2021__SP_107,LY_T_2021,SP_107,107,Kvium,107.0,9.0,3.0,False,300.0,,NORMAL,,,,,,,,,,,,
LY_T_2021__SP_108,LY_T_2021,SP_108,108,Heerup,108.0,9.0,3.0,False,150.0,,NORMAL,,,,,,,,,,,,
LY_T_2021__SP_109,LY_T_2021,SP_109,109,Sheriff,109.0,10.0,4.0,False,150.0,,HALF,,,,,,,,,,,,
LY_T_2021__SP_110,LY_T_2021,SP_110,110,Heerup,110.0,10.0,4.0,False,450.0,,HALF,,,,,,,,,,,,
LY_T_2021__SP_111,LY_T_2021,SP_111,111,Heerup,111.0,10.0,4.0,False,300.0,,HALF,,,,,,,,,,,,
LY_T_2021__SP_112,LY_T_2021,SP_112,112,Rembrandt,112.0,10.0,4.0,False,150.0,,HALF,,,,,,,,,,,,
LY_T_2021__SP_113,LY_T_2021,SP_113,113,Kvium,113.0,10.0,4.0,False,450.0,,HALF,,,,,,,,,,,,
LY_T_2021__SP_114,LY_T_2021,SP_114,114,Kvium,114.0,10.0,4.0,False,150.0,,HALF,,,,,,,,,,,,
LY_T_2021__SP_115,LY_T_2021,SP_115,115,Rembrandt,115.0,10.0,4.0,False,450.0,,HALF,,,,,,,,,,,,
LY_T_2021__SP_116,LY_T_2021,SP_116,116,Sheriff,116.0,10.0,4.0,False,450.0,,HALF,,,,,,,,,,,,
LY_T_2021__SP_117,LY_T_2021,SP_117,117,Kvium,117.0,10.0,4.0,False,300.0,,HALF,,,,,,,,,,,,
LY_T_2021__SP_118,LY_T_2021,SP_118,118,Rembrandt,118.0,10.0,4.0,False,300.0,,HALF,,,,,,,,,,,,
LY_T_2021__SP_119,LY_T_2021,SP_119,119,Heerup,119.0,10.0,4.0,False,150.0,,HALF,,,,,,,,,,,,
LY_T_2021__SP_120,LY_T_2021,SP_120,120,Sheriff,120.0,10.0,4.0,False,300.0,,HALF,,,,,,,,,,,,
LY_T_2021__SP_121,LY_T_2021,SP_121,121,Kvium,121.0,11.0,4.0,False,300.0,,HALF,,,,,,,,,,,,
LY_T_2021__SP_122,LY_T_2021,SP_122,122,Rembrandt,122.0,11.0,4.0,False,150.0,,HALF,,,,,,,,,,,,
LY_T_2021__SP_123,LY_T_2021,SP_123,123,Sheriff,123.0,11.0,4.0,False,150.0,,HALF,,,,,,,,,,,,
LY_T_2021__SP_124,LY_T_2021,SP_124,124,Rembrandt,124.0,11.0,4.0,False,450.0,,HALF,,,,,,,,,,,,
LY_T_2021__SP_125,LY_T_2021,SP_125,125,Rembrandt,125.0,11.0,4.0,False,300.0,,HALF,,,,,,,,,,,,
LY_T_2021__SP_126,LY_T_2021,SP_126,126,Heerup,126.0,11.0,4.0,False,450.0,,HALF,,,,,,,,,,,,
LY_T_2021__SP_127,LY_T_2021,SP_127,127,Kvium,127.0,11.0,4.0,False,150.0,,HALF,,,,,,,,,,,,
LY_T_2021__SP_128,LY_T_2021,SP_128,128,Kvium,128.0,11.0,4.0,False,450.0,,HALF,,,,,,,,,,,,
LY_T_2021__SP_129,LY_T_2021,SP_129,129,Heerup,129.0,11.0,4.0,False,300.0,,HALF,,,,,,,,,,,,
LY_T_2021__SP_130,LY_T_2021,SP_130,130,Heerup,130.0,11.0,4.0,False,150.0,,HALF,,,,,,,,,,,,
LY_T_2021__SP_131,LY_T_2021,SP_131,131,Sheriff,131.0,11.0,4.0,False,450.0,,HALF,,,,,,,,,,,,
LY_T_2021__SP_132,LY_T_2021,SP_132,132,Sheriff,132.0,11.0,4.0,False,300.0,,HALF,,,,,,,,,,,,
LY_T_2021__SP_133,LY_T_2021,SP_133,133,Rembrandt,133.0,12.0,4.0,False,300.0,,NORMAL,,,,,,,,,,,,
LY_T_2021__SP_134,LY_T_2021,SP_134,134,Sheriff,134.0,12.0,4.0,False,450.0,,NORMAL,,,,,,,,,,,,
LY_T_2021__SP_135,LY_T_2021,SP_135,135,Heerup,135.0,12.0,4.0,False,450.0,,NORMAL,,,,,,,,,,,,
LY_T_2021__SP_136,LY_T_2021,SP_136,136,Kvium,136.0,12.0,4.0,False,150.0,,NORMAL,,,,,,,,,,,,
LY_T_2021__SP_137,LY_T_2021,SP_137,137,Heerup,137.0,12.0,4.0,False,150.0,,NORMAL,,,,,,,,,,,,
LY_T_2021__SP_138,LY_T_2021,SP_138,138,Heerup,138.0,12.0,4.0,False,300.0,,NORMAL,,,,,,,,,,,,
LY_T_2021__SP_139,LY_T_2021,SP_139,139,Kvium,139.0,12.0,4.0,False,300.0,,NORMAL,,,,,,,,,,,,
LY_T_2021__SP_140,LY_T_2021,SP_140,140,Sheriff,140.0,12.0,4.0,False,300.0,,NORMAL,,,,,,,,,,,,
LY_T_2021__SP_141,LY_T_2021,SP_141,141,Rembrandt,141.0,12.0,4.0,False,450.0,,NORMAL,,,,,,,,,,,,
LY_T_2021__SP_142,LY_T_2021,SP_142,142,Rembrandt,142.0,12.0,4.0,False,150.0,,NORMAL,,,,,,,,,,,,
LY_T_2021__SP_143,LY_T_2021,SP_143,143,Sheriff,143.0,12.0,4.0,False,150.0,,NORMAL,,,,,,,,,,,,
LY_T_2021__SP_144,LY_T_2021,SP_144,144,Kvium,144.0,12.0,4.0,False,450.0,,NORMAL,,,,,,,,,,,,
LY_A_2022__SP_001,LY_A_2022,SP_001,1,Rembrandt,1.0,,,,,A,,False,1.0,27.0,A16,,,,,,,,
LY_A_2022__SP_002,LY_A_2022,SP_002,2,Heerup,2.0,,,,,A,,False,1.0,44.0,A7,,,,,,,,
LY_A_2022__SP_003,LY_A_2022,SP_003,3,Kvium,3.0,,,,,A,,False,1.0,49.0,A5,,,,,,,,
LY_A_2022__SP_004,LY_A_2022,SP_004,4,Rembrandt,4.0,,,,,A,,True,1.0,59.0,B16,,,,,,,,
LY_A_2022__SP_005,LY_A_2022,SP_005,5,Kvium,5.0,,,,,A,,True,1.0,89.0,B5,,,,,,,,
LY_A_2022__SP_006,LY_A_2022,SP_006,6,Heerup,6.0,,,,,A,,True,1.0,96.0,B7,,,,,,,,
LY_A_2022__SP_007,LY_A_2022,SP_007,7,Heerup,7.0,,,,,A,,True,2.0,14.0,B7,,,,,,,,
LY_A_2022__SP_008,LY_A_2022,SP_008,8,Rembrandt,8.0,,,,,A,,True,2.0,16.0,B16,,,,,,,,
LY_A_2022__SP_009,LY_A_2022,SP_009,9,Kvium,9.0,,,,,A,,False,2.0,25.0,B5,,,,,,,,
LY_A_2022__SP_010,LY_A_2022,SP_010,10,Rembrandt,10.0,,,,,A,,False,2.0,79.0,A16,,,,,,,,
LY_A_2022__SP_011,LY_A_2022,SP_011,11,Kvium,11.0,,,,,A,,False,2.0,98.0,A5,,,,,,,,
LY_A_2022__SP_012,LY_A_2022,SP_012,12,Heerup,12.0,,,,,A,,False,2.0,99.0,A7,,,,,,,,
LY_A_2022__SP_013,LY_A_2022,SP_013,13,Heerup,13.0,,,,,A,,False,3.0,18.0,A7,,,,,,,,
LY_A_2022__SP_014,LY_A_2022,SP_014,14,Rembrandt,14.0,,,,,A,,False,3.0,39.0,A16,,,,,,,,
LY_A_2022__SP_015,LY_A_2022,SP_015,15,Kvium,15.0,,,,,A,,False,3.0,43.0,A5,,,,,,,,
LY_A_2022__SP_016,LY_A_2022,SP_016,16,Rembrandt,16.0,,,,,A,,True,3.0,63.0,B16,,,,,,,,
LY_A_2022__SP_017,LY_A_2022,SP_017,17,Kvium,17.0,,,,,A,,True,3.0,102.0,B5,,,,,,,,
LY_A_2022__SP_018,LY_A_2022,SP_018,18,Heerup,18.0,,,,,A,,True,3.0,105.0,B7,,,,,,,,
LY_A_2022__SP_019,LY_A_2022,SP_019,19,Rembrandt,19.0,,,,,A,,True,4.0,10.0,B16,,,,,,,,
LY_A_2022__SP_020,LY_A_2022,SP_020,20,Heerup,20.0,,,,,A,,True,4.0,24.0,B7,,,,,,,,
LY_A_2022__SP_021,LY_A_2022,SP_021,21,Kvium,21.0,,,,,A,,True,4.0,46.0,B5,,,,,,,,
LY_A_2022__SP_022,LY_A_2022,SP_022,22,Kvium,22.0,,,,,A,,False,4.0,72.0,A5,,,,,,,,
LY_A_2022__SP_023,LY_A_2022,SP_023,23,Rembrandt,23.0,,,,,A,,False,4.0,77.0,A16,,,,,,,,
LY_A_2022__SP_024,LY_A_2022,SP_024,24,Heerup,24.0,,,,,A,,False,4.0,99.0,A7,,,,,,,,
LY_H_2022__SP_001,LY_H_2022,SP_001,1,Kvium,1.0,,,,,H,,False,1.0,14.0,A5,,,,,,,,
LY_H_2022__SP_002,LY_H_2022,SP_002,2,Rembrandt,2.0,,,,,H,,False,1.0,16.0,A16,,,,,,,,
LY_H_2022__SP_003,LY_H_2022,SP_003,3,Heerup,3.0,,,,,H,,False,1.0,59.0,A7,,,,,,,,
LY_H_2022__SP_004,LY_H_2022,SP_004,4,Kvium,4.0,,,,,H,,True,2.0,28.0,B5,,,,,,,,
LY_H_2022__SP_005,LY_H_2022,SP_005,5,Rembrandt,5.0,,,,,H,,True,2.0,44.0,B16,,,,,,,,
LY_H_2022__SP_006,LY_H_2022,SP_006,6,Heerup,6.0,,,,,H,,True,2.0,49.0,B7,,,,,,,,
LY_H_2022__SP_007,LY_H_2022,SP_007,7,Rembrandt,7.0,,,,,H,,False,3.0,10.0,A16,,,,,,,,
LY_H_2022__SP_008,LY_H_2022,SP_008,8,Kvium,8.0,,,,,H,,False,3.0,19.0,A5,,,,,,,,
LY_H_2022__SP_009,LY_H_2022,SP_009,9,Heerup,9.0,,,,,H,,False,3.0,54.0,A7,,,,,,,,
LY_H_2022__SP_010,LY_H_2022,SP_010,10,Heerup,10.0,,,,,H,,True,4.0,16.0,B7,,,,,,,,
LY_H_2022__SP_011,LY_H_2022,SP_011,11,Rembrandt,11.0,,,,,H,,True,4.0,18.0,B16,,,,,,,,
LY_H_2022__SP_012,LY_H_2022,SP_012,12,Kvium,12.0,,,,,H,,True,4.0,51.0,B5,,,,,,,,
LY_H_2022__SP_013,LY_H_2022,SP_013,13,Kvium,13.0,,,,,H,,False,5.0,31.0,A5,,,,,,,,
LY_H_2022__SP_014,LY_H_2022,SP_014,14,Rembrandt,14.0,,,,,H,,False,5.0,36.0,A16,,,,,,,,
LY_H_2022__SP_015,LY_H_2022,SP_015,15,Heerup,15.0,,,,,H,,False,5.0,40.0,A7,,,,,,,,
LY_H_2022__SP_016,LY_H_2022,SP_016,16,Heerup,16.0,,,,,H,,True,6.0,25.0,B7,,,,,,,,
LY_H_2022__SP_017,LY_H_2022,SP_017,17,Kvium,17.0,,,,,H,,True,6.0,26.0,B5,,,,,,,,
LY_H_2022__SP_018,LY_H_2022,SP_018,18,Rembrandt,18.0,,,,,H,,True,6.0,48.0,B16,,,,,,,,
LY_H_2022__SP_019,LY_H_2022,SP_019,19,Rembrandt,19.0,,,,,H,,False,7.0,14.0,A16,,,,,,,,
LY_H_2022__SP_020,LY_H_2022,SP_020,20,Kvium,20.0,,,,,H,,False,7.0,31.0,A5,,,,,,,,
LY_H_2022__SP_021,LY_H_2022,SP_021,21,Heerup,21.0,,,,,H,,False,7.0,50.0,A7,,,,,,,,
LY_H_2022__SP_022,LY_H_2022,SP_022,22,Rembrandt,22.0,,,,,H,,True,8.0,32.0,B16,,,,,,,,
LY_H_2022__SP_023,LY_H_2022,SP_023,23,Heerup,23.0,,,,,H,,True,8.0,36.0,B7,,,,,,,,
LY_H_2022__SP_024,LY_H_2022,SP_024,24,Kvium,24.0,,,,,H,,True,8.0,59.0,B5,,,,,,,,
LY_L_2022__SP_001,LY_L_2022,SP_001,1,Heerup,1.0,,,,,L,,True,1.0,12.0,A7,,,,,,,,
LY_L_2022__SP_002,LY_L_2022,SP_002,2,Kvium,2.0,,,,,L,,True,1.0,15.0,A5,,,,,,,,
LY_L_2022__SP_003,LY_L_2022,SP_003,3,Rembrandt,3.0,,,,,L,,True,1.0,20.0,A16,,,,,,,,
LY_L_2022__SP_004,LY_L_2022,SP_004,4,Kvium,4.0,,,,,L,,False,1.0,56.0,B5,,,,,,,,
LY_L_2022__SP_005,LY_L_2022,SP_005,5,Rembrandt,5.0,,,,,L,,False,1.0,79.0,B16,,,,,,,,
LY_L_2022__SP_006,LY_L_2022,SP_006,6,Heerup,6.0,,,,,L,,False,1.0,94.0,B7,,,,,,,,
LY_L_2022__SP_007,LY_L_2022,SP_007,7,Heerup,7.0,,,,,L,,False,2.0,19.0,B7,,,,,,,,
LY_L_2022__SP_008,LY_L_2022,SP_008,8,Kvium,8.0,,,,,L,,False,2.0,38.0,B5,,,,,,,,
LY_L_2022__SP_009,LY_L_2022,SP_009,9,Rembrandt,9.0,,,,,L,,False,2.0,52.0,B16,,,,,,,,
LY_L_2022__SP_010,LY_L_2022,SP_010,10,Heerup,10.0,,,,,L,,True,2.0,66.0,A7,,,,,,,,
LY_L_2022__SP_011,LY_L_2022,SP_011,11,Rembrandt,11.0,,,,,L,,True,2.0,83.0,A16,,,,,,,,
LY_L_2022__SP_012,LY_L_2022,SP_012,12,Kvium,12.0,,,,,L,,True,2.0,97.0,A5,,,,,,,,
LY_L_2022__SP_013,LY_L_2022,SP_013,13,Heerup,13.0,,,,,L,,True,3.0,8.0,A7,,,,,,,,
LY_L_2022__SP_014,LY_L_2022,SP_014,14,Kvium,14.0,,,,,L,,True,3.0,15.0,A5,,,,,,,,
LY_L_2022__SP_015,LY_L_2022,SP_015,15,Rembrandt,15.0,,,,,L,,True,3.0,41.0,A16,,,,,,,,
LY_L_2022__SP_016,LY_L_2022,SP_016,16,Heerup,16.0,,,,,L,,False,3.0,77.0,B7,,,,,,,,
LY_L_2022__SP_017,LY_L_2022,SP_017,17,Rembrandt,17.0,,,,,L,,False,3.0,78.0,B16,,,,,,,,
LY_L_2022__SP_018,LY_L_2022,SP_018,18,Kvium,18.0,,,,,L,,False,3.0,96.0,B5,,,,,,,,
LY_L_2022__SP_019,LY_L_2022,SP_019,19,Rembrandt,19.0,,,,,L,,False,4.0,17.0,B16,,,,,,,,
LY_L_2022__SP_020,LY_L_2022,SP_020,20,Kvium,20.0,,,,,L,,False,4.0,29.0,B5,,,,,,,,
LY_L_2022__SP_021,LY_L_2022,SP_021,21,Heerup,21.0,,,,,L,,False,4.0,43.0,B7,,,,,,,,
LY_L_2022__SP_022,LY_L_2022,SP_022,22,Rembrandt,22.0,,,,,L,,True,4.0,62.0,A16,,,,,,,,
LY_L_2022__SP_023,LY_L_2022,SP_023,23,Kvium,23.0,,,,,L,,True,4.0,79.0,A5,,,,,,,,
LY_L_2022__SP_024,LY_L_2022,SP_024,24,Heerup,24.0,,,,,L,,True,4.0,84.0,A7,,,,,,,,
LY_R_2022__SP_001,LY_R_2022,SP_001,1,Rembrandt,1.0,,,,,R,NORMAL,False,1.0,7.0,A16,,,,,,,,
LY_R_2022__SP_002,LY_R_2022,SP_002,2,Heerup,2.0,,,,,R,NORMAL,False,1.0,20.0,A7,,,,,,,,
LY_R_2022__SP_003,LY_R_2022,SP_003,3,Kvium,3.0,,,,,R,NORMAL,True,3.0,7.0,B5,,,,,,,,
LY_R_2022__SP_004,LY_R_2022,SP_004,4,Heerup,4.0,,,,,R,NORMAL,True,3.0,8.0,B7,,,,,,,,
LY_R_2022__SP_005,LY_R_2022,SP_005,5,Rembrandt,5.0,,,,,R,NORMAL,True,3.0,20.0,B16,,,,,,,,
LY_R_2022__SP_006,LY_R_2022,SP_006,6,Kvium,6.0,,,,,R,NORMAL,False,4.0,23.0,A5,,,,,,,,
LY_R_2022__SP_007,LY_R_2022,SP_007,7,Heerup,7.0,,,,,R,NORMAL,True,6.0,24.0,B7,,,,,,,,
LY_R_2022__SP_008,LY_R_2022,SP_008,8,Rembrandt,8.0,,,,,R,NORMAL,True,7.0,12.0,B16,,,,,,,,
LY_R_2022__SP_009,LY_R_2022,SP_009,9,Kvium,9.0,,,,,R,NORMAL,True,7.0,15.0,B5,,,,,,,,
LY_R_2022__SP_010,LY_R_2022,SP_010,10,Heerup,10.0,,,,,R,NORMAL,False,8.0,1.0,A7,,,,,,,,
LY_R_2022__SP_011,LY_R_2022,SP_011,11,Rembrandt,11.0,,,,,R,NORMAL,False,8.0,5.0,A16,,,,,,,,
LY_R_2022__SP_012,LY_R_2022,SP_012,12,Kvium,12.0,,,,,R,NORMAL,False,8.0,21.0,A5,,,,,,,,
LY_R_2022__SP_013,LY_R_2022,SP_013,13,Heerup,13.0,,,,,R,NORMAL,False,9.0,12.0,A7,,,,,,,,
LY_R_2022__SP_014,LY_R_2022,SP_014,14,Kvium,14.0,,,,,R,NORMAL,False,9.0,22.0,A5,,,,,,,,
LY_R_2022__SP_015,LY_R_2022,SP_015,15,Rembrandt,15.0,,,,,R,NORMAL,False,9.0,26.0,A16,,,,,,,,
LY_R_2022__SP_016,LY_R_2022,SP_016,16,Rembrandt,16.0,,,,,R,NORMAL,True,10.0,2.0,B16,,,,,,,,
LY_R_2022__SP_017,LY_R_2022,SP_017,17,Heerup,17.0,,,,,R,NORMAL,True,10.0,16.0,B7,,,,,,,,
LY_R_2022__SP_018,LY_R_2022,SP_018,18,Kvium,18.0,,,,,R,NORMAL,True,10.0,20.0,B5,,,,,,,,
LY_R_2022__SP_019,LY_R_2022,SP_019,19,Rembrandt,19.0,,,,,R,NORMAL,False,13.0,12.0,A16,,,,,,,,
LY_R_2022__SP_020,LY_R_2022,SP_020,20,Heerup,20.0,,,,,R,NORMAL,False,13.0,19.0,A7,,,,,,,,
LY_R_2022__SP_021,LY_R_2022,SP_021,21,Heerup,21.0,,,,,R,NORMAL,True,14.0,15.0,B7,,,,,,,,
LY_R_2022__SP_022,LY_R_2022,SP_022,22,Kvium,22.0,,,,,R,NORMAL,True,15.0,11.0,B5,,,,,,,,
LY_R_2022__SP_023,LY_R_2022,SP_023,23,Rembrandt,23.0,,,,,R,NORMAL,True,15.0,19.0,B16,,,,,,,,
LY_R_2022__SP_024,LY_R_2022,SP_024,24,Kvium,24.0,,,,,R,NORMAL,False,16.0,9.0,A5,,,,,,,,
LY_S_2022__SP_001,LY_S_2022,SP_001,1,Kvium,1.0,,,,,S,,False,1.0,22.0,A5,,,,,,,,
LY_S_2022__SP_002,LY_S_2022,SP_002,2,Heerup,2.0,,,,,S,,False,1.0,32.0,A7,,,,,,,,
LY_S_2022__SP_003,LY_S_2022,SP_003,3,Rembrandt,3.0,,,,,S,,False,1.0,41.0,A16,,,,,,,,
LY_S_2022__SP_004,LY_S_2022,SP_004,4,Rembrandt,4.0,,,,,S,,True,2.0,3.0,B16,,,,,,,,
LY_S_2022__SP_005,LY_S_2022,SP_005,5,Kvium,5.0,,,,,S,,True,2.0,13.0,B5,,,,,,,,
LY_S_2022__SP_006,LY_S_2022,SP_006,6,Heerup,6.0,,,,,S,,True,2.0,48.0,B7,,,,,,,,
LY_S_2022__SP_007,LY_S_2022,SP_007,7,Heerup,7.0,,,,,S,,True,3.0,16.0,B7,,,,,,,,
LY_S_2022__SP_008,LY_S_2022,SP_008,8,Kvium,8.0,,,,,S,,True,3.0,32.0,B5,,,,,,,,
LY_S_2022__SP_009,LY_S_2022,SP_009,9,Rembrandt,9.0,,,,,S,,True,3.0,38.0,B16,,,,,,,,
LY_S_2022__SP_010,LY_S_2022,SP_010,10,Rembrandt,10.0,,,,,S,,False,4.0,21.0,A16,,,,,,,,
LY_S_2022__SP_011,LY_S_2022,SP_011,11,Heerup,11.0,,,,,S,,False,4.0,25.0,A7,,,,,,,,
LY_S_2022__SP_012,LY_S_2022,SP_012,12,Kvium,12.0,,,,,S,,False,4.0,49.0,A5,,,,,,,,
LY_S_2022__SP_013,LY_S_2022,SP_013,13,Kvium,13.0,,,,,S,,False,5.0,38.0,A5,,,,,,,,
LY_S_2022__SP_014,LY_S_2022,SP_014,14,Heerup,14.0,,,,,S,,False,5.0,39.0,A7,,,,,,,,
LY_S_2022__SP_015,LY_S_2022,SP_015,15,Rembrandt,15.0,,,,,S,,False,5.0,47.0,A16,,,,,,,,
LY_S_2022__SP_016,LY_S_2022,SP_016,16,Kvium,16.0,,,,,S,,True,6.0,28.0,B5,,,,,,,,
LY_S_2022__SP_017,LY_S_2022,SP_017,17,Rembrandt,17.0,,,,,S,,True,6.0,30.0,B16,,,,,,,,
LY_S_2022__SP_018,LY_S_2022,SP_018,18,Heerup,18.0,,,,,S,,True,6.0,45.0,B7,,,,,,,,
LY_S_2022__SP_019,LY_S_2022,SP_019,19,Rembrandt,19.0,,,,,S,,True,7.0,13.0,B16,,,,,,,,
LY_S_2022__SP_020,LY_S_2022,SP_020,20,Kvium,20.0,,,,,S,,True,7.0,40.0,B5,,,,,,,,
LY_S_2022__SP_021,LY_S_2022,SP_021,21,Heerup,21.0,,,,,S,,True,7.0,50.0,B7,,,,,,,,
LY_S_2022__SP_022,LY_S_2022,SP_022,22,Heerup,22.0,,,,,S,,False,8.0,16.0,A7,,,,,,,,
LY_S_2022__SP_023,LY_S_2022,SP_023,23,Rembrandt,23.0,,,,,S,,False,8.0,34.0,A16,,,,,,,,
LY_S_2022__SP_024,LY_S_2022,SP_024,24,Kvium,24.0,,,,,S,,False,8.0,49.0,A5,,,,,,,,
LY_T_2023__SP_001,LY_T_2023,SP_001,1,Heerup,1.0,1.0,1.0,False,150.0,T,,,,,,NORMAL,,,,,,,
LY_T_2023__SP_002,LY_T_2023,SP_002,2,Heerup,2.0,2.0,1.0,False,450.0,T,,,,,,NORMAL,,,,,,,
LY_T_2023__SP_003,LY_T_2023,SP_003,3,Heerup,3.0,1.0,1.0,False,300.0,T,,,,,,NORMAL,,,,,,,
LY_T_2023__SP_004,LY_T_2023,SP_004,4,Sheriff,4.0,4.0,1.0,False,150.0,T,,,,,,NORMAL,,,,,,,
LY_T_2023__SP_005,LY_T_2023,SP_005,5,Sheriff,5.0,1.0,1.0,False,300.0,T,,,,,,NORMAL,,,,,,,
LY_T_2023__SP_006,LY_T_2023,SP_006,6,Kvium,6.0,6.0,1.0,False,150.0,T,,,,,,NORMAL,,,,,,,
LY_T_2023__SP_007,LY_T_2023,SP_007,7,Kvium,7.0,7.0,1.0,False,450.0,T,,,,,,NORMAL,,,,,,,
LY_T_2023__SP_008,LY_T_2023,SP_008,8,Rembrandt,8.0,8.0,1.0,False,150.0,T,,,,,,NORMAL,,,,,,,
LY_T_2023__SP_009,LY_T_2023,SP_009,9,Kvium,9.0,1.0,1.0,False,300.0,T,,,,,,NORMAL,,,,,,,
LY_T_2023__SP_010,LY_T_2023,SP_010,10,Rembrandt,10.0,1.0,1.0,False,300.0,T,,,,,,NORMAL,,,,,,,
LY_T_2023__SP_011,LY_T_2023,SP_011,11,Rembrandt,11.0,11.0,1.0,False,450.0,T,,,,,,NORMAL,,,,,,,
LY_T_2023__SP_012,LY_T_2023,SP_012,12,Sheriff,12.0,12.0,1.0,False,450.0,T,,,,,,NORMAL,,,,,,,
LY_T_2023__SP_013,LY_T_2023,SP_013,13,Kvium,13.0,1.0,1.0,False,450.0,T,,,,,,HALF,,,,,,,
LY_T_2023__SP_014,LY_T_2023,SP_014,14,Sheriff,14.0,2.0,1.0,False,150.0,T,,,,,,HALF,,,,,,,
LY_T_2023__SP_015,LY_T_2023,SP_015,15,Kvium,15.0,3.0,1.0,False,150.0,T,,,,,,HALF,,,,,,,
LY_T_2023__SP_016,LY_T_2023,SP_016,16,Sheriff,16.0,4.0,1.0,False,450.0,T,,,,,,HALF,,,,,,,
LY_T_2023__SP_017,LY_T_2023,SP_017,17,Rembrandt,17.0,2.0,1.0,False,300.0,T,,,,,,HALF,,,,,,,
LY_T_2023__SP_018,LY_T_2023,SP_018,18,Heerup,18.0,2.0,1.0,False,300.0,T,,,,,,HALF,,,,,,,
LY_T_2023__SP_019,LY_T_2023,SP_019,19,Rembrandt,19.0,7.0,1.0,False,450.0,T,,,,,,HALF,,,,,,,
LY_T_2023__SP_020,LY_T_2023,SP_020,20,Heerup,20.0,8.0,1.0,False,150.0,T,,,,,,HALF,,,,,,,
LY_T_2023__SP_021,LY_T_2023,SP_021,21,Rembrandt,21.0,9.0,1.0,False,150.0,T,,,,,,HALF,,,,,,,
LY_T_2023__SP_022,LY_T_2023,SP_022,22,Kvium,22.0,2.0,1.0,False,300.0,T,,,,,,HALF,,,,,,,
LY_T_2023__SP_023,LY_T_2023,SP_023,23,Heerup,23.0,11.0,1.0,False,450.0,T,,,,,,HALF,,,,,,,
LY_T_2023__SP_024,LY_T_2023,SP_024,24,Sheriff,24.0,2.0,1.0,False,300.0,T,,,,,,HALF,,,,,,,
LY_T_2023__SP_025,LY_T_2023,SP_025,25,Rembrandt,25.0,3.0,1.0,False,300.0,T,,,,,,ZERO,,,,,,,
LY_T_2023__SP_026,LY_T_2023,SP_026,26,Sheriff,26.0,3.0,1.0,False,300.0,T,,,,,,ZERO,,,,,,,
LY_T_2023__SP_027,LY_T_2023,SP_027,27,Rembrandt,27.0,3.0,1.0,False,150.0,T,,,,,,ZERO,,,,,,,
LY_T_2023__SP_028,LY_T_2023,SP_028,28,Kvium,28.0,3.0,1.0,False,300.0,T,,,,,,ZERO,,,,,,,
LY_T_2023__SP_029,LY_T_2023,SP_029,29,Sheriff,29.0,5.0,1.0,False,450.0,T,,,,,,ZERO,,,,,,,
LY_T_2023__SP_030,LY_T_2023,SP_030,30,Kvium,30.0,6.0,1.0,False,150.0,T,,,,,,ZERO,,,,,,,
LY_T_2023__SP_031,LY_T_2023,SP_031,31,Sheriff,31.0,7.0,1.0,False,150.0,T,,,,,,ZERO,,,,,,,
LY_T_2023__SP_032,LY_T_2023,SP_032,32,Heerup,32.0,8.0,1.0,False,150.0,T,,,,,,ZERO,,,,,,,
LY_T_2023__SP_033,LY_T_2023,SP_033,33,Heerup,33.0,9.0,1.0,False,450.0,T,,,,,,ZERO,,,,,,,
LY_T_2023__SP_034,LY_T_2023,SP_034,34,Rembrandt,34.0,10.0,1.0,False,450.0,T,,,,,,ZERO,,,,,,,
LY_T_2023__SP_035,LY_T_2023,SP_035,35,Heerup,35.0,3.0,1.0,False,300.0,T,,,,,,ZERO,,,,,,,
LY_T_2023__SP_036,LY_T_2023,SP_036,36,Kvium,36.0,12.0,1.0,False,450.0,T,,,,,,ZERO,,,,,,,
LY_T_2023__SP_037,LY_T_2023,SP_037,37,Heerup,37.0,4.0,2.0,False,300.0,T,,,,,,HALF,,,,,,,
LY_T_2023__SP_038,LY_T_2023,SP_038,38,Sheriff,38.0,4.0,2.0,False,300.0,T,,,,,,HALF,,,,,,,
LY_T_2023__SP_039,LY_T_2023,SP_039,39,Kvium,39.0,3.0,2.0,False,450.0,T,,,,,,HALF,,,,,,,
LY_T_2023__SP_040,LY_T_2023,SP_040,40,Sheriff,40.0,4.0,2.0,False,450.0,T,,,,,,HALF,,,,,,,
LY_T_2023__SP_041,LY_T_2023,SP_041,41,Rembrandt,41.0,4.0,2.0,False,300.0,T,,,,,,HALF,,,,,,,
LY_T_2023__SP_042,LY_T_2023,SP_042,42,Heerup,42.0,6.0,2.0,False,150.0,T,,,,,,HALF,,,,,,,
LY_T_2023__SP_043,LY_T_2023,SP_043,43,Heerup,43.0,7.0,2.0,False,450.0,T,,,,,,HALF,,,,,,,
LY_T_2023__SP_044,LY_T_2023,SP_044,44,Kvium,44.0,4.0,2.0,False,300.0,T,,,,,,HALF,,,,,,,
LY_T_2023__SP_045,LY_T_2023,SP_045,45,Rembrandt,45.0,9.0,2.0,False,450.0,T,,,,,,HALF,,,,,,,
LY_T_2023__SP_046,LY_T_2023,SP_046,46,Kvium,46.0,10.0,2.0,False,150.0,T,,,,,,HALF,,,,,,,
LY_T_2023__SP_047,LY_T_2023,SP_047,47,Rembrandt,47.0,11.0,2.0,False,150.0,T,,,,,,HALF,,,,,,,
LY_T_2023__SP_048,LY_T_2023,SP_048,48,Sheriff,48.0,12.0,2.0,False,150.0,T,,,,,,HALF,,,,,,,
LY_T_2023__SP_049,LY_T_2023,SP_049,49,Sheriff,49.0,1.0,2.0,False,450.0,T,,,,,,ZERO,,,,,,,
LY_T_2023__SP_050,LY_T_2023,SP_050,50,Kvium,50.0,2.0,2.0,False,450.0,T,,,,,,ZERO,,,,,,,
LY_T_2023__SP_051,LY_T_2023,SP_051,51,Heerup,51.0,5.0,2.0,False,300.0,T,,,,,,ZERO,,,,,,,
LY_T_2023__SP_052,LY_T_2023,SP_052,52,Heerup,52.0,4.0,2.0,False,450.0,T,,,,,,ZERO,,,,,,,
LY_T_2023__SP_053,LY_T_2023,SP_053,53,Sheriff,53.0,5.0,2.0,False,300.0,T,,,,,,ZERO,,,,,,,
LY_T_2023__SP_054,LY_T_2023,SP_054,54,Sheriff,54.0,6.0,2.0,False,150.0,T,,,,,,ZERO,,,,,,,
LY_T_2023__SP_055,LY_T_2023,SP_055,55,Rembrandt,55.0,5.0,2.0,False,300.0,T,,,,,,ZERO,,,,,,,
LY_T_2023__SP_056,LY_T_2023,SP_056,56,Heerup,56.0,8.0,2.0,False,150.0,T,,,,,,ZERO,,,,,,,
LY_T_2023__SP_057,LY_T_2023,SP_057,57,Rembrandt,57.0,9.0,2.0,False,150.0,T,,,,,,ZERO,,,,,,,
LY_T_2023__SP_058,LY_T_2023,SP_058,58,Kvium,58.0,10.0,2.0,False,150.0,T,,,,,,ZERO,,,,,,,
LY_T_2023__SP_059,LY_T_2023,SP_059,59,Kvium,59.0,5.0,2.0,False,300.0,T,,,,,,ZERO,,,,,,,
LY_T_2023__SP_060,LY_T_2023,SP_060,60,Rembrandt,60.0,12.0,2.0,False,450.0,T,,,,,,ZERO,,,,,,,
LY_T_2023__SP_061,LY_T_2023,SP_061,61,Heerup,61.0,6.0,2.0,False,300.0,T,,,,,,NORMAL,,,,,,,
LY_T_2023__SP_062,LY_T_2023,SP_062,62,Kvium,62.0,2.0,2.0,False,150.0,T,,,,,,NORMAL,,,,,,,
LY_T_2023__SP_063,LY_T_2023,SP_063,63,Sheriff,63.0,3.0,2.0,False,150.0,T,,,,,,NORMAL,,,,,,,
LY_T_2023__SP_064,LY_T_2023,SP_064,64,Heerup,64.0,4.0,2.0,False,450.0,T,,,,,,NORMAL,,,,,,,
LY_T_2023__SP_065,LY_T_2023,SP_065,65,Rembrandt,65.0,5.0,2.0,False,450.0,T,,,,,,NORMAL,,,,,,,
LY_T_2023__SP_066,LY_T_2023,SP_066,66,Kvium,66.0,6.0,2.0,False,300.0,T,,,,,,NORMAL,,,,,,,
LY_T_2023__SP_067,LY_T_2023,SP_067,67,Rembrandt,67.0,7.0,2.0,False,150.0,T,,,,,,NORMAL,,,,,,,
LY_T_2023__SP_068,LY_T_2023,SP_068,68,Sheriff,68.0,6.0,2.0,False,300.0,T,,,,,,NORMAL,,,,,,,
LY_T_2023__SP_069,LY_T_2023,SP_069,69,Heerup,69.0,9.0,2.0,False,150.0,T,,,,,,NORMAL,,,,,,,
LY_T_2023__SP_070,LY_T_2023,SP_070,70,Kvium,70.0,10.0,2.0,False,450.0,T,,,,,,NORMAL,,,,,,,
LY_T_2023__SP_071,LY_T_2023,SP_071,71,Sheriff,71.0,11.0,2.0,False,450.0,T,,,,,,NORMAL,,,,,,,
LY_T_2023__SP_072,LY_T_2023,SP_072,72,Rembrandt,72.0,6.0,2.0,False,300.0,T,,,,,,NORMAL,,,,,,,
LY_T_2023__SP_073,LY_T_2023,SP_073,73,Kvium,73.0,1.0,3.0,False,150.0,T,,,,,,HALF,,,,,,,
LY_T_2023__SP_074,LY_T_2023,SP_074,74,Heerup,74.0,2.0,3.0,False,450.0,T,,,,,,HALF,,,,,,,
LY_T_2023__SP_075,LY_T_2023,SP_075,75,Sheriff,75.0,7.0,3.0,False,300.0,T,,,,,,HALF,,,,,,,
LY_T_2023__SP_076,LY_T_2023,SP_076,76,Heerup,76.0,4.0,3.0,False,150.0,T,,,,,,HALF,,,,,,,
LY_T_2023__SP_077,LY_T_2023,SP_077,77,Rembrandt,77.0,5.0,3.0,False,450.0,T,,,,,,HALF,,,,,,,
LY_T_2023__SP_078,LY_T_2023,SP_078,78,Rembrandt,78.0,6.0,3.0,False,150.0,T,,,,,,HALF,,,,,,,
LY_T_2023__SP_079,LY_T_2023,SP_079,79,Sheriff,79.0,7.0,3.0,False,450.0,T,,,,,,HALF,,,,,,,
LY_T_2023__SP_080,LY_T_2023,SP_080,80,Heerup,80.0,7.0,3.0,False,300.0,T,,,,,,HALF,,,,,,,
LY_T_2023__SP_081,LY_T_2023,SP_081,81,Kvium,81.0,7.0,3.0,False,300.0,T,,,,,,HALF,,,,,,,
LY_T_2023__SP_082,LY_T_2023,SP_082,82,Rembrandt,82.0,7.0,3.0,False,300.0,T,,,,,,HALF,,,,,,,
LY_T_2023__SP_083,LY_T_2023,SP_083,83,Sheriff,83.0,11.0,3.0,False,150.0,T,,,,,,HALF,,,,,,,
LY_T_2023__SP_084,LY_T_2023,SP_084,84,Kvium,84.0,12.0,3.0,False,450.0,T,,,,,,HALF,,,,,,,
LY_T_2023__SP_085,LY_T_2023,SP_085,85,Rembrandt,85.0,1.0,3.0,False,150.0,T,,,,,,ZERO,,,,,,,
LY_T_2023__SP_086,LY_T_2023,SP_086,86,Heerup,86.0,2.0,3.0,False,450.0,T,,,,,,ZERO,,,,,,,
LY_T_2023__SP_087,LY_T_2023,SP_087,87,Kvium,87.0,8.0,3.0,False,300.0,T,,,,,,ZERO,,,,,,,
LY_T_2023__SP_088,LY_T_2023,SP_088,88,Rembrandt,88.0,8.0,3.0,False,300.0,T,,,,,,ZERO,,,,,,,
LY_T_2023__SP_089,LY_T_2023,SP_089,89,Sheriff,89.0,8.0,3.0,False,300.0,T,,,,,,ZERO,,,,,,,
LY_T_2023__SP_090,LY_T_2023,SP_090,90,Kvium,90.0,6.0,3.0,False,450.0,T,,,,,,ZERO,,,,,,,
LY_T_2023__SP_091,LY_T_2023,SP_091,91,Heerup,91.0,8.0,3.0,False,300.0,T,,,,,,ZERO,,,,,,,
LY_T_2023__SP_092,LY_T_2023,SP_092,92,Rembrandt,92.0,8.0,3.0,False,450.0,T,,,,,,ZERO,,,,,,,
LY_T_2023__SP_093,LY_T_2023,SP_093,93,Heerup,93.0,9.0,3.0,False,150.0,T,,,,,,ZERO,,,,,,,
LY_T_2023__SP_094,LY_T_2023,SP_094,94,Kvium,94.0,10.0,3.0,False,150.0,T,,,,,,ZERO,,,,,,,
LY_T_2023__SP_095,LY_T_2023,SP_095,95,Sheriff,95.0,11.0,3.0,False,150.0,T,,,,,,ZERO,,,,,,,
LY_T_2023__SP_096,LY_T_2023,SP_096,96,Sheriff,96.0,12.0,3.0,False,450.0,T,,,,,,ZERO,,,,,,,
LY_T_2023__SP_097,LY_T_2023,SP_097,97,Heerup,97.0,1.0,3.0,False,150.0,T,,,,,,NORMAL,,,,,,,
LY_T_2023__SP_098,LY_T_2023,SP_098,98,Rembrandt,98.0,9.0,3.0,False,300.0,T,,,,,,NORMAL,,,,,,,
LY_T_2023__SP_099,LY_T_2023,SP_099,99,Kvium,99.0,3.0,3.0,False,150.0,T,,,,,,NORMAL,,,,,,,
LY_T_2023__SP_100,LY_T_2023,SP_100,100,Heerup,100.0,9.0,3.0,False,300.0,T,,,,,,NORMAL,,,,,,,
LY_T_2023__SP_101,LY_T_2023,SP_101,101,Rembrandt,101.0,5.0,3.0,False,450.0,T,,,,,,NORMAL,,,,,,,
LY_T_2023__SP_102,LY_T_2023,SP_102,102,Heerup,102.0,6.0,3.0,False,450.0,T,,,,,,NORMAL,,,,,,,
LY_T_2023__SP_103,LY_T_2023,SP_103,103,Rembrandt,103.0,7.0,3.0,False,150.0,T,,,,,,NORMAL,,,,,,,
LY_T_2023__SP_104,LY_T_2023,SP_104,104,Kvium,104.0,9.0,3.0,False,300.0,T,,,,,,NORMAL,,,,,,,
LY_T_2023__SP_105,LY_T_2023,SP_105,105,Sheriff,105.0,9.0,3.0,False,150.0,T,,,,,,NORMAL,,,,,,,
LY_T_2023__SP_106,LY_T_2023,SP_106,106,Kvium,106.0,10.0,3.0,False,450.0,T,,,,,,NORMAL,,,,,,,
LY_T_2023__SP_107,LY_T_2023,SP_107,107,Sheriff,107.0,9.0,3.0,False,300.0,T,,,,,,NORMAL,,,,,,,
LY_T_2023__SP_108,LY_T_2023,SP_108,108,Sheriff,108.0,12.0,3.0,False,450.0,T,,,,,,NORMAL,,,,,,,
