sampling_plot_id,location_year_id,scheme,grid_number,grid_point,distance,edge,block,plot,subplot,plot_label,x,y,spray_fungicide,fertiliser,cultivar,cultivar_alt,density,spray,fertilizer
SP__LY__2020__UNKNOWN,LY__2020,,,,,,,,,,,,,,,,,,
SP__LY__2020__26.0__middle,LY__2020,medium,26.0,middle,other,other,,,,,,,,,elixir,,,,
SP__LY__2020__25.0__middle,LY__2020,medium,25.0,middle,other,other,,,,,,,,,elixir,,,,
SP__LY__2020__24.0__middle,LY__2020,medium,24.0,middle,other,other,,,,,,,,,elixir,,,,
SP__LY__2020__23.0__middle,LY__2020,large,23.0,middle,cross,other,,,,,,,,,elixir,,,,
SP__LY__2020__22.0__middle,LY__2020,medium,22.0,middle,other,other,,,,,,,,,elixir,,,,
SP__LY__2020__21.0__middle,LY__2020,medium,21.0,middle,other,other,,,,,,,,,elixir,,,,
SP__LY__2020__20.0__middle,LY__2020,small,20.0,middle,other,other,,,,,,,,,elixir,,,,
SP__LY__2020__18.0__middle,LY__2020,small,18.0,middle,cross,other,,,,,,,,,elixir,,,,
SP__LY__2020__16.0__middle,LY__2020,medium,16.0,middle,diagonal,Center,,,,,,,,,elixir,,,,
SP__LY__2020__15.0__middle,LY__2020,large,15.0,middle,cross,other,,,,,,,,,elixir,,,,
SP__LY__2020__14.0__ext,LY__2020,large,14.0,ext,cross,right,,,,,,,,,elixir,,,,
SP__LY__2020__13.0__ext,LY__2020,large,13.0,ext,other,right,,,,,,,,,elixir,,,,
SP__LY__2020__12.0__middle,LY__2020,large,12.0,middle,diagonal,other,,,,,,,,,elixir,,,,
SP__LY__2020__11.0__middle,LY__2020,large,11.0,middle,cross,Center,,,,,,,,,elixir,,,,
SP__LY__2020__10.0__middle,LY__2020,medium,10.0,middle,other,other,,,,,,,,,elixir,,,,
SP__LY__2020__9.0__middle,LY__2020,medium,9.0,middle,other,other,,,,,,,,,elixir,,,,
SP__LY__2020__8.0__middle,LY__2020,medium,8.0,middle,other,other,,,,,,,,,elixir,,,,
SP__LY__2020__7.0__middle,LY__2020,large,7.0,middle,diagonal,other,,,,,,,,,elixir,,,,
SP__LY__2020__6.0__ext,LY__2020,large,6.0,ext,other,left,,,,,,,,,elixir,,,,
SP__LY__2020__5.0__ext,LY__2020,large,5.0,ext,diagonal,left,,,,,,,,,elixir,,,,
SP__LY__2020__4.0__ext,LY__2020,large,4.0,ext,other,other,,,,,,,,,elixir,,,,
SP__LY__2020__3.0__ext,LY__2020,large,3.0,ext,cross,Center,,,,,,,,,elixir,,,,
SP__LY__2020__2.0__ext,LY__2020,large,2.0,ext,other,other,,,,,,,,,elixir,,,,
SP__LY__2020__27.0__middle,LY__2020,medium,27.0,middle,other,other,,,,,,,,,elixir,,,,
SP__LY__2020__28.0__middle,LY__2020,medium,28.0,middle,other,other,,,,,,,,,elixir,,,,
SP__LY__2020__29.0__middle,LY__2020,medium,29.0,middle,other,other,,,,,,,,,elixir,,,,
SP__LY__2020__30.0__middle,LY__2020,medium,30.0,middle,other,Center,,,,,,,,,elixir,,,,
SP__LY__2020__67.0__ext,LY__2020,large,67.0,ext,diagonal,left,,,,,,,,,elixir,,,,
SP__LY__2020__66.0__ext,LY__2020,large,66.0,ext,other,other,,,,,,,,,elixir,,,,
SP__LY__2020__65.0__ext,LY__2020,large,65.0,ext,cross,Center,,,,,,,,,elixir,,,,
SP__LY__2020__64.0__ext,LY__2020,large,64.0,ext,other,other,,,,,,,,,elixir,,,,
SP__LY__2020__63.0__ext,LY__2020,large,63.0,ext,diagonal,right,,,,,,,,,elixir,,,,
SP__LY__2020__62.0__ext,LY__2020,large,62.0,ext,other,right,,,,,,,,,elixir,,,,
SP__LY__2020__61.0__middle,LY__2020,large,61.0,middle,diagonal,other,,,,,,,,,elixir,,,,
SP__LY__2020__60.0__middle,LY__2020,large,60.0,middle,cross,Center,,,,,,,,,elixir,,,,
SP__LY__2020__59.0__middle,LY__2020,large,59.0,middle,diagonal,other,,,,,,,,,elixir,,,,
SP__LY__2020__1.0__ext,LY__2020,large,1.0,ext,diagonal,right,,,,,,,,,elixir,,,,
SP__LY__2020__58.0__ext,LY__2020,large,58.0,ext,other,left,,,,,,,,,elixir,,,,
SP__LY__2020__51.0__middle,LY__2020,small,51.0,middle,other,other,,,,,,,,,elixir,,,,
SP__LY__2020__49.0__middle,LY__2020,small,49.0,middle,other,other,,,,,,,,,elixir,,,,
SP__LY__2020__47.0__middle,LY__2020,small,47.0,middle,other,other,,,,,,,,,elixir,,,,
SP__LY__2020__41.0__middle,LY__2020,small,41.0,middle,other,other,,,,,,,,,elixir,,,,
SP__LY__2020__39.0__middle,LY__2020,small,39.0,middle,other,other,,,,,,,,,elixir,,,,
SP__LY__2020__37.0__middle,LY__2020,small,37.0,middle,other,other,,,,,,,,,elixir,,,,
SP__LY__2020__36.0__middle,LY__2020,medium,36.0,middle,other,other,,,,,,,,,elixir,,,,
SP__LY__2020__34.0__middle,LY__2020,medium,34.0,middle,other,other,,,,,,,,,elixir,,,,
SP__LY__2020__33.0__middle,LY__2020,medium,33.0,middle,other,other,,,,,,,,,elixir,,,,
SP__LY__2020__32.0__middle,LY__2020,medium,32.0,middle,other,other,,,,,,,,,elixir,,,,
SP__LY__2020__31.0__middle,LY__2020,medium,31.0,middle,other,Center,,,,,,,,,elixir,,,,
SP__LY__2020__57.0__ext,LY__2020,large,57.0,ext,cross,left,,,,,,,,,elixir,,,,
SP__LY__2021__UNKNOWN,LY__2021,,,,,,,,,,,,,,,,,,
SP__LY__2021__4.0__118.0__10.0,LY__2021,,,,,,4.0,118.0,10.0,,,,n,Zero,Rembrandt,,300.0,,
SP__LY__2021__4.0__144.0__12.0,LY__2021,,,,,,4.0,144.0,12.0,,,,n,Normal,Kvium,,450.0,,
SP__LY__2021__4.0__143.0__12.0,LY__2021,,,,,,4.0,143.0,12.0,,,,n,Normal,Sheriff,,150.0,,
SP__LY__2021__4.0__142.0__12.0,LY__2021,,,,,,4.0,142.0,12.0,,,,n,Normal,Rembrandt,,150.0,,
SP__LY__2021__4.0__141.0__12.0,LY__2021,,,,,,4.0,141.0,12.0,,,,n,Normal,Rembrandt,,450.0,,
SP__LY__2021__4.0__140.0__12.0,LY__2021,,,,,,4.0,140.0,12.0,,,,n,Normal,Sheriff,,300.0,,
SP__LY__2021__4.0__138.0__12.0,LY__2021,,,,,,4.0,138.0,12.0,,,,n,Normal,Heerup,,300.0,,
SP__LY__2021__4.0__137.0__12.0,LY__2021,,,,,,4.0,137.0,12.0,,,,n,Normal,Heerup,,150.0,,
SP__LY__2021__4.0__136.0__12.0,LY__2021,,,,,,4.0,136.0,12.0,,,,n,Normal,Kvium,,150.0,,
SP__LY__2021__4.0__135.0__12.0,LY__2021,,,,,,4.0,135.0,12.0,,,,n,Normal,Heerup,,450.0,,
SP__LY__2021__4.0__134.0__12.0,LY__2021,,,,,,4.0,134.0,12.0,,,,n,Normal,Sheriff,,450.0,,
SP__LY__2021__4.0__133.0__12.0,LY__2021,,,,,,4.0,133.0,12.0,,,,n,Normal,Rembrandt,,300.0,,
SP__LY__2021__4.0__139.0__12.0,LY__2021,,,,,,4.0,139.0,12.0,,,,n,Normal,Kvium,,300.0,,
SP__LY__2021__1.0__1.0__1.0,LY__2021,,,,,,1.0,1.0,1.0,,,,n,Half,Heerup,,450.0,,
SP__LY__2021__1.0__2.0__1.0,LY__2021,,,,,,1.0,2.0,1.0,,,,n,Half,Heerup,,300.0,,
SP__LY__2021__1.0__17.0__2.0,LY__2021,,,,,,1.0,17.0,2.0,,,,n,Normal,Rembrandt,,300.0,,
SP__LY__2021__1.0__16.0__2.0,LY__2021,,,,,,1.0,16.0,2.0,,,,n,Normal,Heerup,,450.0,,
SP__LY__2021__1.0__15.0__2.0,LY__2021,,,,,,1.0,15.0,2.0,,,,n,Normal,Sheriff,,450.0,,
SP__LY__2021__1.0__14.0__2.0,LY__2021,,,,,,1.0,14.0,2.0,,,,n,Normal,Sheriff,,150.0,,
SP__LY__2021__1.0__13.0__2.0,LY__2021,,,,,,1.0,13.0,2.0,,,,n,Normal,Kvium,,150.0,,
SP__LY__2021__1.0__12.0__1.0,LY__2021,,,,,,1.0,12.0,1.0,,,,n,Half,Kvium,,150.0,,
SP__LY__2021__1.0__11.0__1.0,LY__2021,,,,,,1.0,11.0,1.0,,,,n,Half,Rembrandt,,300.0,,
SP__LY__2021__1.0__10.0__1.0,LY__2021,,,,,,1.0,10.0,1.0,,,,n,Half,Sheriff,,150.0,,
SP__LY__2021__1.0__9.0__1.0,LY__2021,,,,,,1.0,9.0,1.0,,,,n,Half,Kvium,,300.0,,
SP__LY__2021__1.0__8.0__1.0,LY__2021,,,,,,1.0,8.0,1.0,,,,n,Half,Sheriff,,450.0,,
SP__LY__2021__1.0__7.0__1.0,LY__2021,,,,,,1.0,7.0,1.0,,,,n,Half,Heerup,,150.0,,
SP__LY__2021__1.0__6.0__1.0,LY__2021,,,,,,1.0,6.0,1.0,,,,n,Half,Rembrandt,,450.0,,
SP__LY__2021__1.0__5.0__1.0,LY__2021,,,,,,1.0,5.0,1.0,,,,n,Half,Rembrandt,,150.0,,
SP__LY__2021__1.0__4.0__1.0,LY__2021,,,,,,1.0,4.0,1.0,,,,n,Half,Sheriff,,300.0,,
SP__LY__2021__1.0__3.0__1.0,LY__2021,,,,,,1.0,3.0,1.0,,,,n,Half,Kvium,,450.0,,
SP__LY__2021__4.0__132.0__11.0,LY__2021,,,,,,4.0,132.0,11.0,,,,n,Half,Sheriff,,300.0,,
SP__LY__2021__1.0__18.0__2.0,LY__2021,,,,,,1.0,18.0,2.0,,,,n,Normal,Heerup,,300.0,,
SP__LY__2021__4.0__131.0__11.0,LY__2021,,,,,,4.0,131.0,11.0,,,,n,Half,Sheriff,,450.0,,
SP__LY__2021__4.0__129.0__11.0,LY__2021,,,,,,4.0,129.0,11.0,,,,n,Half,Heerup,,300.0,,
SP__LY__2021__3.0__108.0__9.0,LY__2021,,,,,,3.0,108.0,9.0,,,,n,Normal,Heerup,,150.0,,
SP__LY__2021__3.0__107.0__9.0,LY__2021,,,,,,3.0,107.0,9.0,,,,n,Normal,Kvium,,300.0,,
SP__LY__2021__3.0__106.0__9.0,LY__2021,,,,,,3.0,106.0,9.0,,,,n,Normal,Sheriff,,300.0,,
SP__LY__2021__3.0__105.0__9.0,LY__2021,,,,,,3.0,105.0,9.0,,,,n,Normal,Kvium,,450.0,,
SP__LY__2021__3.0__104.0__9.0,LY__2021,,,,,,3.0,104.0,9.0,,,,n,Normal,Sheriff,,450.0,,
SP__LY__2021__3.0__103.0__9.0,LY__2021,,,,,,3.0,103.0,9.0,,,,n,Normal,Rembrandt,,150.0,,
SP__LY__2021__4.0__109.0__10.0,LY__2021,,,,,,4.0,109.0,10.0,,,,n,Zero,Sheriff,,150.0,,
SP__LY__2021__3.0__102.0__9.0,LY__2021,,,,,,3.0,102.0,9.0,,,,n,Normal,Heerup,,300.0,,
SP__LY__2021__3.0__100.0__9.0,LY__2021,,,,,,3.0,100.0,9.0,,,,n,Normal,Kvium,,150.0,,
SP__LY__2021__3.0__99.0__9.0,LY__2021,,,,,,3.0,99.0,9.0,,,,n,Normal,Heerup,,450.0,,
SP__LY__2021__3.0__98.0__9.0,LY__2021,,,,,,3.0,98.0,9.0,,,,n,Normal,Rembrandt,,450.0,,
SP__LY__2021__3.0__97.0__9.0,LY__2021,,,,,,3.0,97.0,9.0,,,,n,Normal,Sheriff,,150.0,,
SP__LY__2021__3.0__96.0__8.0,LY__2021,,,,,,3.0,96.0,8.0,,,,n,Zero,Rembrandt,,150.0,,
SP__LY__2021__3.0__95.0__8.0,LY__2021,,,,,,3.0,95.0,8.0,,,,n,Zero,Kvium,,150.0,,
SP__LY__2021__3.0__101.0__9.0,LY__2021,,,,,,3.0,101.0,9.0,,,,n,Normal,Rembrandt,,300.0,,
SP__LY__2021__4.0__110.0__10.0,LY__2021,,,,,,4.0,110.0,10.0,,,,n,Zero,Heerup,,450.0,,
SP__LY__2021__4.0__111.0__10.0,LY__2021,,,,,,4.0,111.0,10.0,,,,n,Zero,Heerup,,300.0,,
SP__LY__2021__4.0__112.0__10.0,LY__2021,,,,,,4.0,112.0,10.0,,,,n,Zero,Rembrandt,,150.0,,
SP__LY__2021__4.0__128.0__11.0,LY__2021,,,,,,4.0,128.0,11.0,,,,n,Half,Kvium,,450.0,,
SP__LY__2021__4.0__127.0__11.0,LY__2021,,,,,,4.0,127.0,11.0,,,,n,Half,Kvium,,150.0,,
SP__LY__2021__4.0__126.0__11.0,LY__2021,,,,,,4.0,126.0,11.0,,,,n,Half,Heerup,,450.0,,
SP__LY__2021__4.0__125.0__11.0,LY__2021,,,,,,4.0,125.0,11.0,,,,n,Half,Rembrandt,,300.0,,
SP__LY__2021__4.0__124.0__11.0,LY__2021,,,,,,4.0,124.0,11.0,,,,n,Half,Rembrandt,,450.0,,
SP__LY__2021__4.0__123.0__11.0,LY__2021,,,,,,4.0,123.0,11.0,,,,n,Half,Sheriff,,150.0,,
SP__LY__2021__4.0__122.0__11.0,LY__2021,,,,,,4.0,122.0,11.0,,,,n,Half,Rembrandt,,150.0,,
SP__LY__2021__4.0__121.0__11.0,LY__2021,,,,,,4.0,121.0,11.0,,,,n,Half,Kvium,,300.0,,
SP__LY__2021__4.0__120.0__10.0,LY__2021,,,,,,4.0,120.0,10.0,,,,n,Zero,Sheriff,,300.0,,
SP__LY__2021__4.0__119.0__10.0,LY__2021,,,,,,4.0,119.0,10.0,,,,n,Zero,Heerup,,150.0,,
SP__LY__2021__4.0__117.0__10.0,LY__2021,,,,,,4.0,117.0,10.0,,,,n,Zero,Kvium,,300.0,,
SP__LY__2021__4.0__116.0__10.0,LY__2021,,,,,,4.0,116.0,10.0,,,,n,Zero,Sheriff,,450.0,,
SP__LY__2021__4.0__115.0__10.0,LY__2021,,,,,,4.0,115.0,10.0,,,,n,Zero,Rembrandt,,450.0,,
SP__LY__2021__4.0__114.0__10.0,LY__2021,,,,,,4.0,114.0,10.0,,,,n,Zero,Kvium,,150.0,,
SP__LY__2021__4.0__113.0__10.0,LY__2021,,,,,,4.0,113.0,10.0,,,,n,Zero,Kvium,,450.0,,
SP__LY__2021__4.0__130.0__11.0,LY__2021,,,,,,4.0,130.0,11.0,,,,n,Half,Heerup,,150.0,,
SP__LY__2021__1.0__19.0__2.0,LY__2021,,,,,,1.0,19.0,2.0,,,,n,Normal,Kvium,,300.0,,
SP__LY__2021__1.0__20.0__2.0,LY__2021,,,,,,1.0,20.0,2.0,,,,n,Normal,Sheriff,,300.0,,
SP__LY__2021__1.0__21.0__2.0,LY__2021,,,,,,1.0,21.0,2.0,,,,n,Normal,Heerup,,150.0,,
SP__LY__2021__3.0__73.0__7.0,LY__2021,,,,,,3.0,73.0,7.0,,,,n,Half,Rembrandt,,300.0,,
SP__LY__2021__2.0__72.0__6.0,LY__2021,,,,,,2.0,72.0,6.0,,,,n,Half,Kvium,,300.0,,
SP__LY__2021__2.0__71.0__6.0,LY__2021,,,,,,2.0,71.0,6.0,,,,n,Half,Sheriff,,150.0,,
SP__LY__2021__2.0__70.0__6.0,LY__2021,,,,,,2.0,70.0,6.0,,,,n,Half,Heerup,,300.0,,
SP__LY__2021__2.0__69.0__6.0,LY__2021,,,,,,2.0,69.0,6.0,,,,n,Half,Rembrandt,,300.0,,
SP__LY__2021__2.0__68.0__6.0,LY__2021,,,,,,2.0,68.0,6.0,,,,n,Half,Rembrandt,,450.0,,
SP__LY__2021__3.0__74.0__7.0,LY__2021,,,,,,3.0,74.0,7.0,,,,n,Half,Rembrandt,,450.0,,
SP__LY__2021__2.0__67.0__6.0,LY__2021,,,,,,2.0,67.0,6.0,,,,n,Half,Kvium,,150.0,,
SP__LY__2021__2.0__65.0__6.0,LY__2021,,,,,,2.0,65.0,6.0,,,,n,Half,Heerup,,150.0,,
SP__LY__2021__2.0__64.0__6.0,LY__2021,,,,,,2.0,64.0,6.0,,,,n,Half,Heerup,,450.0,,
SP__LY__2021__2.0__63.0__6.0,LY__2021,,,,,,2.0,63.0,6.0,,,,n,Half,Kvium,,450.0,,
SP__LY__2021__2.0__62.0__6.0,LY__2021,,,,,,2.0,62.0,6.0,,,,n,Half,Sheriff,,300.0,,
SP__LY__2021__2.0__61.0__6.0,LY__2021,,,,,,2.0,61.0,6.0,,,,n,Half,Sheriff,,450.0,,
SP__LY__2021__2.0__60.0__5.0,LY__2021,,,,,,2.0,60.0,5.0,,,,n,Normal,Kvium,,450.0,,
SP__LY__2021__2.0__66.0__6.0,LY__2021,,,,,,2.0,66.0,6.0,,,,n,Half,Rembrandt,,150.0,,
SP__LY__2021__3.0__75.0__7.0,LY__2021,,,,,,3.0,75.0,7.0,,,,n,Half,Heerup,,150.0,,
SP__LY__2021__3.0__76.0__7.0,LY__2021,,,,,,3.0,76.0,7.0,,,,n,Half,Rembrandt,,150.0,,
SP__LY__2021__3.0__77.0__7.0,LY__2021,,,,,,3.0,77.0,7.0,,,,n,Half,Sheriff,,150.0,,
SP__LY__2021__3.0__92.0__8.0,LY__2021,,,,,,3.0,92.0,8.0,,,,n,Zero,Sheriff,,450.0,,
SP__LY__2021__3.0__91.0__8.0,LY__2021,,,,,,3.0,91.0,8.0,,,,n,Zero,Heerup,,450.0,,
SP__LY__2021__3.0__90.0__8.0,LY__2021,,,,,,3.0,90.0,8.0,,,,n,Zero,Sheriff,,150.0,,
SP__LY__2021__3.0__89.0__8.0,LY__2021,,,,,,3.0,89.0,8.0,,,,n,Zero,Rembrandt,,450.0,,
SP__LY__2021__3.0__88.0__8.0,LY__2021,,,,,,3.0,88.0,8.0,,,,n,Zero,Sheriff,,300.0,,
SP__LY__2021__3.0__87.0__8.0,LY__2021,,,,,,3.0,87.0,8.0,,,,n,Zero,Kvium,,300.0,,
SP__LY__2021__3.0__86.0__8.0,LY__2021,,,,,,3.0,86.0,8.0,,,,n,Zero,Heerup,,300.0,,
SP__LY__2021__3.0__85.0__8.0,LY__2021,,,,,,3.0,85.0,8.0,,,,n,Zero,Heerup,,150.0,,
SP__LY__2021__3.0__84.0__7.0,LY__2021,,,,,,3.0,84.0,7.0,,,,n,Half,Sheriff,,450.0,,
SP__LY__2021__3.0__83.0__7.0,LY__2021,,,,,,3.0,83.0,7.0,,,,n,Half,Kvium,,300.0,,
SP__LY__2021__3.0__82.0__7.0,LY__2021,,,,,,3.0,82.0,7.0,,,,n,Half,Sheriff,,300.0,,
SP__LY__2021__3.0__81.0__7.0,LY__2021,,,,,,3.0,81.0,7.0,,,,n,Half,Heerup,,300.0,,
SP__LY__2021__3.0__80.0__7.0,LY__2021,,,,,,3.0,80.0,7.0,,,,n,Half,Kvium,,450.0,,
SP__LY__2021__3.0__79.0__7.0,LY__2021,,,,,,3.0,79.0,7.0,,,,n,Half,Kvium,,150.0,,
SP__LY__2021__3.0__78.0__7.0,LY__2021,,,,,,3.0,78.0,7.0,,,,n,Half,Heerup,,450.0,,
SP__LY__2021__2.0__59.0__5.0,LY__2021,,,,,,2.0,59.0,5.0,,,,n,Normal,Sheriff,,450.0,,
SP__LY__2021__2.0__58.0__5.0,LY__2021,,,,,,2.0,58.0,5.0,,,,n,Normal,Kvium,,300.0,,
SP__LY__2021__2.0__57.0__5.0,LY__2021,,,,,,2.0,57.0,5.0,,,,n,Normal,Sheriff,,150.0,,
SP__LY__2021__2.0__56.0__5.0,LY__2021,,,,,,2.0,56.0,5.0,,,,n,Normal,Heerup,,150.0,,
SP__LY__2021__1.0__36.0__3.0,LY__2021,,,,,,1.0,36.0,3.0,,,,n,Zero,Heerup,,300.0,,
SP__LY__2021__1.0__35.0__3.0,LY__2021,,,,,,1.0,35.0,3.0,,,,n,Zero,Heerup,,450.0,,
SP__LY__2021__1.0__34.0__3.0,LY__2021,,,,,,1.0,34.0,3.0,,,,n,Zero,Rembrandt,,150.0,,
SP__LY__2021__1.0__33.0__3.0,LY__2021,,,,,,1.0,33.0,3.0,,,,n,Zero,Sheriff,,150.0,,
SP__LY__2021__1.0__32.0__3.0,LY__2021,,,,,,1.0,32.0,3.0,,,,n,Zero,Rembrandt,,450.0,,
SP__LY__2021__1.0__31.0__3.0,LY__2021,,,,,,1.0,31.0,3.0,,,,n,Zero,Sheriff,,300.0,,
SP__LY__2021__1.0__30.0__3.0,LY__2021,,,,,,1.0,30.0,3.0,,,,n,Zero,Heerup,,150.0,,
SP__LY__2021__1.0__29.0__3.0,LY__2021,,,,,,1.0,29.0,3.0,,,,n,Zero,Sheriff,,450.0,,
SP__LY__2021__1.0__28.0__3.0,LY__2021,,,,,,1.0,28.0,3.0,,,,n,Zero,Kvium,,150.0,,
SP__LY__2021__1.0__27.0__3.0,LY__2021,,,,,,1.0,27.0,3.0,,,,n,Zero,Kvium,,300.0,,
SP__LY__2021__1.0__26.0__3.0,LY__2021,,,,,,1.0,26.0,3.0,,,,n,Zero,Rembrandt,,300.0,,
SP__LY__2021__1.0__25.0__3.0,LY__2021,,,,,,1.0,25.0,3.0,,,,n,Zero,Kvium,,450.0,,
SP__LY__2021__1.0__24.0__2.0,LY__2021,,,,,,1.0,24.0,2.0,,,,n,Normal,Rembrandt,,150.0,,
SP__LY__2021__1.0__23.0__2.0,LY__2021,,,,,,1.0,23.0,2.0,,,,n,Normal,Kvium,,450.0,,
SP__LY__2021__1.0__22.0__2.0,LY__2021,,,,,,1.0,22.0,2.0,,,,n,Normal,Rembrandt,,450.0,,
SP__LY__2021__2.0__37.0__4.0,LY__2021,,,,,,2.0,37.0,4.0,,,,n,Zero,Sheriff,,300.0,,
SP__LY__2021__3.0__94.0__8.0,LY__2021,,,,,,3.0,94.0,8.0,,,,n,Zero,Kvium,,450.0,,
SP__LY__2021__2.0__38.0__4.0,LY__2021,,,,,,2.0,38.0,4.0,,,,n,Zero,Rembrandt,,300.0,,
SP__LY__2021__2.0__40.0__4.0,LY__2021,,,,,,2.0,40.0,4.0,,,,n,Zero,Heerup,,450.0,,
SP__LY__2021__2.0__55.0__5.0,LY__2021,,,,,,2.0,55.0,5.0,,,,n,Normal,Rembrandt,,150.0,,
SP__LY__2021__2.0__54.0__5.0,LY__2021,,,,,,2.0,54.0,5.0,,,,n,Normal,Heerup,,300.0,,
SP__LY__2021__2.0__53.0__5.0,LY__2021,,,,,,2.0,53.0,5.0,,,,n,Normal,Heerup,,450.0,,
SP__LY__2021__2.0__52.0__5.0,LY__2021,,,,,,2.0,52.0,5.0,,,,n,Normal,Rembrandt,,450.0,,
SP__LY__2021__2.0__51.0__5.0,LY__2021,,,,,,2.0,51.0,5.0,,,,n,Normal,Sheriff,,300.0,,
SP__LY__2021__2.0__50.0__5.0,LY__2021,,,,,,2.0,50.0,5.0,,,,n,Normal,Kvium,,150.0,,
SP__LY__2021__2.0__49.0__5.0,LY__2021,,,,,,2.0,49.0,5.0,,,,n,Normal,Rembrandt,,300.0,,
SP__LY__2021__2.0__48.0__4.0,LY__2021,,,,,,2.0,48.0,4.0,,,,n,Zero,Sheriff,,150.0,,
SP__LY__2021__2.0__47.0__4.0,LY__2021,,,,,,2.0,47.0,4.0,,,,n,Zero,Kvium,,150.0,,
SP__LY__2021__2.0__46.0__4.0,LY__2021,,,,,,2.0,46.0,4.0,,,,n,Zero,Heerup,,150.0,,
SP__LY__2021__2.0__45.0__4.0,LY__2021,,,,,,2.0,45.0,4.0,,,,n,Zero,Rembrandt,,150.0,,
SP__LY__2021__2.0__44.0__4.0,LY__2021,,,,,,2.0,44.0,4.0,,,,n,Zero,Kvium,,300.0,,
SP__LY__2021__2.0__43.0__4.0,LY__2021,,,,,,2.0,43.0,4.0,,,,n,Zero,Sheriff,,450.0,,
SP__LY__2021__2.0__42.0__4.0,LY__2021,,,,,,2.0,42.0,4.0,,,,n,Zero,Rembrandt,,450.0,,
SP__LY__2021__2.0__41.0__4.0,LY__2021,,,,,,2.0,41.0,4.0,,,,n,Zero,Kvium,,450.0,,
SP__LY__2021__2.0__39.0__4.0,LY__2021,,,,,,2.0,39.0,4.0,,,,n,Zero,Heerup,,300.0,,
SP__LY__2021__3.0__93.0__8.0,LY__2021,,,,,,3.0,93.0,8.0,,,,n,Zero,Rembrandt,,300.0,,
SP__LY__2022__1.0__1.0,LY__2022,,,,,,1.0,1.0,,,,,n,n,Rembrandt,,unknown,,
SP__LY__2022__3.0__8.0,LY__2022,,,,,,3.0,8.0,,,,,n,n,Kvium,,unknown,,
SP__LY__2022__3.0__9.0,LY__2022,,,,,,3.0,9.0,,,,,y,n,Heerup,,unknown,,
SP__LY__2022__5.0__13.0,LY__2022,,,,,,5.0,13.0,,,,,n,n,Kvium,,unknown,,
SP__LY__2022__5.0__14.0,LY__2022,,,,,,5.0,14.0,,,,,n,n,Rembrandt,,unknown,,
SP__LY__2022__1.0__2.0,LY__2022,,,,,,1.0,2.0,,,,,n,n,Rembrandt,,unknown,,
SP__LY__2022__1.0__3.0,LY__2022,,,,,,1.0,3.0,,,,,n,n,Heerup,,unknown,,
SP__LY__2022__3.0__7.0,LY__2022,,,,,,3.0,7.0,,,,,n,n,Rembrandt,,unknown,,
SP__LY__2022__7.0__21.0,LY__2022,,,,,,7.0,21.0,,,,,y,n,Heerup,,unknown,,
SP__LY__2022__1.0__1.0,LY__2022,,,,,,1.0,1.0,,,,,n,n,Rembrandt,,,,
SP__LY__2022__1.0__2.0,LY__2022,,,,,,1.0,2.0,,,,,n,n,Heerup,,,,
SP__LY__2022__7.0__20.0,LY__2022,,,,,,7.0,20.0,,,,,n,n,Kvium,,unknown,,
SP__LY__2022__5.0__15.0,LY__2022,,,,,,5.0,15.0,,,,,y,n,Heerup,,unknown,,
SP__LY__2022__7.0__19.0,LY__2022,,,,,,7.0,19.0,,,,,n,n,Rembrandt,,unknown,,
SP__LY__2022__1.0__1.0,LY__2022,,,,,,1.0,1.0,,,,,n,n,Kvium,,unknown,,
SP__LY__2022__9.0__14.0,LY__2022,,,,,,9.0,14.0,,,,,n,n,Kvium,,unknown,,
SP__LY__2022__9.0__15.0,LY__2022,,,,,,9.0,15.0,,,,,n,n,Rembrandt,,unknown,,
SP__LY__2022__10.0__16.0,LY__2022,,,,,,10.0,16.0,,,,,y,n,Rembrandt,,unknown,,
SP__LY__2022__10.0__17.0,LY__2022,,,,,,10.0,17.0,,,,,y,n,Heerup,,unknown,,
SP__LY__2022__10.0__18.0,LY__2022,,,,,,10.0,18.0,,,,,y,n,Kvium,,unknown,,
SP__LY__2022__13.0__19.0,LY__2022,,,,,,13.0,19.0,,,,,n,n,Rembrandt,,unknown,,
SP__LY__2022__13.0__20.0,LY__2022,,,,,,13.0,20.0,,,,,n,n,Heerup,,unknown,,
SP__LY__2022__14.0__21.0,LY__2022,,,,,,14.0,21.0,,,,,y,n,Heerup,,unknown,,
SP__LY__2022__9.0__13.0,LY__2022,,,,,,9.0,13.0,,,,,n,n,Heerup,,unknown,,
SP__LY__2022__15.0__22.0,LY__2022,,,,,,15.0,22.0,,,,,y,n,Kvium,,unknown,,
SP__LY__2022__16.0__24.0,LY__2022,,,,,,16.0,24.0,,,,,n,n,Kvium,,unknown,,
SP__LY__2022__1.0__2.0,LY__2022,,,,,,1.0,2.0,,,,,n,n,Heerup,,unknown,,
SP__LY__2022__3.0__3.0,LY__2022,,,,,,3.0,3.0,,,,,y,n,Kvium,,unknown,,
SP__LY__2022__3.0__4.0,LY__2022,,,,,,3.0,4.0,,,,,y,n,Heerup,,unknown,,
SP__LY__2022__3.0__5.0,LY__2022,,,,,,3.0,5.0,,,,,y,n,Rembrandt,,unknown,,
SP__LY__2022__4.0__6.0,LY__2022,,,,,,4.0,6.0,,,,,n,n,Kvium,,unknown,,
SP__LY__2022__6.0__7.0,LY__2022,,,,,,6.0,7.0,,,,,y,n,Heerup,,unknown,,
SP__LY__2022__15.0__23.0,LY__2022,,,,,,15.0,23.0,,,,,y,n,Rembrandt,,unknown,,
SP__LY__2022__8.0__12.0,LY__2022,,,,,,8.0,12.0,,,,,n,n,Kvium,,unknown,,
SP__LY__2022__8.0__11.0,LY__2022,,,,,,8.0,11.0,,,,,n,n,Rembrandt,,unknown,,
SP__LY__2022__8.0__10.0,LY__2022,,,,,,8.0,10.0,,,,,n,n,Heerup,,unknown,,
SP__LY__2022__7.0__6.0,LY__2022,,,,,,7.0,6.0,,,,,n,n,Kvium,,unknown,,
SP__LY__2022__7.0__8.0,LY__2022,,,,,,7.0,8.0,,,,,y,n,Rembrandt,,unknown,,
SP__LY__2022__7.0__9.0,LY__2022,,,,,,7.0,9.0,,,,,y,n,Kvium,,unknown,,
SP__LY__2022__3.0__3.0,LY__2022,,,,,,3.0,3.0,,,,,y,n,Kvium,,,,
SP__LY__2022__3.0__5.0,LY__2022,,,,,,3.0,5.0,,,,,y,n,Rembrandt,,,,
SP__LY__2022__2.0__10.0,LY__2022,,,,,,2.0,10.0,,,,,n,n,Rembrandt,,,,
SP__LY__2022__2.0__11.0,LY__2022,,,,,,2.0,11.0,,,,,n,n,Kvium,,,,
SP__LY__2022__2.0__12.0,LY__2022,,,,,,2.0,12.0,,,,,n,n,Heerup,,,,
SP__LY__2022__3.0__13.0,LY__2022,,,,,,3.0,13.0,,,,,n,n,Heerup,,,,
SP__LY__2022__1.0__3.0,LY__2022,,,,,,1.0,3.0,,,,,n,n,Kvium,,,,
SP__LY__2022__1.0__4.0,LY__2022,,,,,,1.0,4.0,,,,,y,n,Rembrandt,,,,
SP__LY__2022__1.0__5.0,LY__2022,,,,,,1.0,5.0,,,,,y,n,Kvium,,,,
SP__LY__2022__1.0__6.0,LY__2022,,,,,,1.0,6.0,,,,,y,n,Heerup,,,,
SP__LY__2022__2.0__7.0,LY__2022,,,,,,2.0,7.0,,,,,y,n,Heerup,,,,
SP__LY__2022__2.0__8.0,LY__2022,,,,,,2.0,8.0,,,,,y,n,Rembrandt,,,,
SP__LY__2022__2.0__9.0,LY__2022,,,,,,2.0,9.0,,,,,y,n,Kvium,,,,
SP__LY__2022__4.0__22.0,LY__2022,,,,,,4.0,22.0,,,,,n,n,Kvium,,,,
SP__LY__2022__4.0__23.0,LY__2022,,,,,,4.0,23.0,,,,,n,n,Rembrandt,,,,
SP__LY__2022__4.0__24.0,LY__2022,,,,,,4.0,24.0,,,,,n,n,Heerup,,,,
SP__LY__2022__4.0__21.0,LY__2022,,,,,,4.0,21.0,,,,,y,n,Kvium,,,,
SP__LY__2022__3.0__14.0,LY__2022,,,,,,3.0,14.0,,,,,n,n,Rembrandt,,,,
SP__LY__2022__3.0__15.0,LY__2022,,,,,,3.0,15.0,,,,,n,n,Kvium,,,,
SP__LY__2022__3.0__16.0,LY__2022,,,,,,3.0,16.0,,,,,y,n,Rembrandt,,,,
SP__LY__2022__3.0__17.0,LY__2022,,,,,,3.0,17.0,,,,,y,n,Kvium,,,,
SP__LY__2022__3.0__18.0,LY__2022,,,,,,3.0,18.0,,,,,y,n,Heerup,,,,
SP__LY__2022__4.0__19.0,LY__2022,,,,,,4.0,19.0,,,,,y,n,Rembrandt,,,,
SP__LY__2022__4.0__20.0,LY__2022,,,,,,4.0,20.0,,,,,y,n,Heerup,,,,
SP__LY__2022__3.0__4.0,LY__2022,,,,,,3.0,4.0,,,,,y,n,Heerup,,,,
SP__LY__2022__8.0__11.0,LY__2022,,,,,,8.0,11.0,,,,,n,n,Rembrandt,,,,
SP__LY__2022__8.0__12.0,LY__2022,,,,,,8.0,12.0,,,,,n,n,Kvium,,,,
SP__LY__2022__9.0__13.0,LY__2022,,,,,,9.0,13.0,,,,,n,n,Heerup,,,,
SP__LY__2022__9.0__14.0,LY__2022,,,,,,9.0,14.0,,,,,n,n,Kvium,,,,
SP__LY__2022__4.0__6.0,LY__2022,,,,,,4.0,6.0,,,,,n,n,Kvium,,,,
SP__LY__2022__6.0__7.0,LY__2022,,,,,,6.0,7.0,,,,,y,n,Heerup,,,,
SP__LY__2022__7.0__8.0,LY__2022,,,,,,7.0,8.0,,,,,y,n,Rembrandt,,,,
SP__LY__2022__7.0__9.0,LY__2022,,,,,,7.0,9.0,,,,,y,n,Kvium,,,,
SP__LY__2022__8.0__10.0,LY__2022,,,,,,8.0,10.0,,,,,n,n,Heerup,,,,
SP__LY__2022__13.0__20.0,LY__2022,,,,,,13.0,20.0,,,,,n,n,Heerup,,,,
SP__LY__2022__14.0__21.0,LY__2022,,,,,,14.0,21.0,,,,,y,n,Heerup,,,,
SP__LY__2022__15.0__22.0,LY__2022,,,,,,15.0,22.0,,,,,y,n,Kvium,,,,
SP__LY__2022__15.0__23.0,LY__2022,,,,,,15.0,23.0,,,,,y,n,Rembrandt,,,,
SP__LY__2022__16.0__24.0,LY__2022,,,,,,16.0,24.0,,,,,n,n,Kvium,,,,
SP__LY__2022__9.0__15.0,LY__2022,,,,,,9.0,15.0,,,,,n,n,Rembrandt,,,,
SP__LY__2022__10.0__16.0,LY__2022,,,,,,10.0,16.0,,,,,y,n,Rembrandt,,,,
SP__LY__2022__10.0__17.0,LY__2022,,,,,,10.0,17.0,,,,,y,n,Heerup,,,,
SP__LY__2022__10.0__18.0,LY__2022,,,,,,10.0,18.0,,,,,y,n,Kvium,,,,
SP__LY__2022__13.0__19.0,LY__2022,,,,,,13.0,19.0,,,,,n,n,Rembrandt,,,,
SP__LY__2022__3.0__8.0,LY__2022,,,,,,3.0,8.0,,,,,n,n,Kvium,,,,
SP__LY__2022__3.0__9.0,LY__2022,,,,,,3.0,9.0,,,,,y,n,Heerup,,,,
SP__LY__2022__5.0__13.0,LY__2022,,,,,,5.0,13.0,,,,,n,n,Kvium,,,,
SP__LY__2022__5.0__14.0,LY__2022,,,,,,5.0,14.0,,,,,n,n,Rembrandt,,,,
SP__LY__2022__1.0__2.0,LY__2022,,,,,,1.0,2.0,,,,,n,n,Rembrandt,,,,
SP__LY__2022__1.0__3.0,LY__2022,,,,,,1.0,3.0,,,,,n,n,Heerup,,,,
SP__LY__2022__3.0__7.0,LY__2022,,,,,,3.0,7.0,,,,,n,n,Rembrandt,,,,
SP__LY__2022__7.0__21.0,LY__2022,,,,,,7.0,21.0,,,,,y,n,Heerup,,,,
SP__LY__2022__1.0__1.0,LY__2022,,,,,,1.0,1.0,,,,,n,n,Kvium,,,,
SP__LY__2022__7.0__20.0,LY__2022,,,,,,7.0,20.0,,,,,n,n,Kvium,,,,
SP__LY__2022__5.0__15.0,LY__2022,,,,,,5.0,15.0,,,,,y,n,Heerup,,,,
SP__LY__2022__7.0__19.0,LY__2022,,,,,,7.0,19.0,,,,,n,n,Rembrandt,,,,
SP__LY__2022__7.0__6.0,LY__2022,,,,,,7.0,6.0,,,,,n,n,Kvium,,,,
SP__LY__2022__UNKNOWN,LY__2022,,,,,,,,,,,,,,,,,,
SP__LY__2022__2.0,LY__2022,,,,,,,,,2.0,,,,,,heerup,,yes,
SP__LY__2022__3.0,LY__2022,,,,,,,,,3.0,,,,,,kvium,,no,
SP__LY__2022__4.0,LY__2022,,,,,,,,,4.0,,,,,,heerup,,no,
SP__LY__2022__5.0,LY__2022,,,,,,,,,5.0,,,,,,rembrandt,,no,
SP__LY__2022__6.0,LY__2022,,,,,,,,,6.0,,,,,,kvium,,yes,
SP__LY__2022__7.0,LY__2022,,,,,,,,,7.0,,,,,,heerup,,no,
SP__LY__2022__8.0,LY__2022,,,,,,,,,8.0,,,,,,rembrandt,,no,
SP__LY__2022__1.0,LY__2022,,,,,,,,,1.0,,,,,,rembrandt,,yes,
SP__LY__2022__20.0,LY__2022,,,,,,,,,20.0,,,,,,heerup,,yes,
SP__LY__2022__21.0,LY__2022,,,,,,,,,21.0,,,,,,heerup,,no,
SP__LY__2022__22.0,LY__2022,,,,,,,,,22.0,,,,,,kvium,,no,
SP__LY__2022__23.0,LY__2022,,,,,,,,,23.0,,,,,,rembrandt,,no,
SP__LY__2022__24.0,LY__2022,,,,,,,,,24.0,,,,,,kvium,,yes,
SP__LY__2022__19.0,LY__2022,,,,,,,,,19.0,,,,,,rembrandt,,yes,
SP__LY__2022__9.0,LY__2022,,,,,,,,,9.0,,,,,,kvium,,no,
SP__LY__2022__10.0,LY__2022,,,,,,,,,10.0,,,,,,heerup,,yes,
SP__LY__2022__18.0,LY__2022,,,,,,,,,18.0,,,,,,kvium,,no,
SP__LY__2022__16.0,LY__2022,,,,,,,,,16.0,,,,,,rembrandt,,no,
SP__LY__2022__17.0,LY__2022,,,,,,,,,17.0,,,,,,heerup,,no,
SP__LY__2022__11.0,LY__2022,,,,,,,,,11.0,,,,,,rembrandt,,yes,
SP__LY__2022__12.0,LY__2022,,,,,,,,,12.0,,,,,,kvium,,yes,
SP__LY__2022__13.0,LY__2022,,,,,,,,,13.0,,,,,,heerup,,yes,
SP__LY__2022__14.0,LY__2022,,,,,,,,,14.0,,,,,,kvium,,yes,
SP__LY__2022__15.0,LY__2022,,,,,,,,,15.0,,,,,,rembrandt,,yes,
SP__LY__2022__15.0,LY__2022,,,,,,,15.0,,,,,,,rembrandt,,,n,
SP__LY__2022__14.0,LY__2022,,,,,,,14.0,,,,,,,heerup,,,n,
SP__LY__2022__19.0,LY__2022,,,,,,,19.0,,,,,,,rembrandt,,,y,
SP__LY__2022__20.0,LY__2022,,,,,,,20.0,,,,,,,kvium,,,y,
SP__LY__2022__5.0,LY__2022,,,,,,,5.0,,,,,,,kvuim,,,y,
SP__LY__2022__6.0,LY__2022,,,,,,,6.0,,,,,,,heerup,,,y,
SP__LY__2022__16.0,LY__2022,,,,,,,16.0,,,,,,,kvium,,,y,
SP__LY__2022__17.0,LY__2022,,,,,,,17.0,,,,,,,rembrandt,,,y,
SP__LY__2022__7.0,LY__2022,,,,,,,7.0,,,,,,,heerup,,,y,
SP__LY__2022__18.0,LY__2022,,,,,,,18.0,,,,,,,heerup,,,y,
SP__LY__2022__12.0,LY__2022,,,,,,,12.0,,,,,,,heerup,,,n,
SP__LY__2022__7.0,LY__2022,,,,,,,7.0,,,,,,,Heerup,,,n,
SP__LY__2022__8.0,LY__2022,,,,,,,8.0,,,,,,,Rembrandt,,,n,
SP__LY__2022__9.0,LY__2022,,,,,,,9.0,,,,,,,Kvium,,,n,
SP__LY__2022__10.0,LY__2022,,,,,,,10.0,,,,,,,Rembrandt,,,y,
SP__LY__2022__11.0,LY__2022,,,,,,,11.0,,,,,,,Kvium,,,y,
SP__LY__2022__12.0,LY__2022,,,,,,,12.0,,,,,,,Heerup,,,y,
SP__LY__2022__19.0,LY__2022,,,,,,,19.0,,,,,,,Rembrandt,,,n,
SP__LY__2022__22.0,LY__2022,,,,,,,22.0,,,,,,,heerup,,,y,
SP__LY__2022__6.0,LY__2022,,,,,,,6.0,,,,,,,Heerup,,,n,
SP__LY__2022__8.0,LY__2022,,,,,,,8.0,,,,,,,rembrandt,,,y,
SP__LY__2022__9.0,LY__2022,,,,,,,9.0,,,,,,,kvuim,,,n,
SP__LY__2022__10.0,LY__2022,,,,,,,10.0,,,,,,,rembrandt,,,n,
SP__LY__2022__11.0,LY__2022,,,,,,,11.0,,,,,,,kvuim,,,n,
SP__LY__2022__13.0,LY__2022,,,,,,,13.0,,,,,,,heerup,,,n,
SP__LY__2022__14.0,LY__2022,,,,,,,14.0,,,,,,,rembrandt,,,n,
SP__LY__2022__23.0,LY__2022,,,,,,,23.0,,,,,,,rembrandt,,,n,
SP__LY__2022__23.0,LY__2022,,,,,,,23.0,,,,,,,heerup,,,y,
SP__LY__2022__22.0,LY__2022,,,,,,,22.0,,,,,,,rembrandt,,,y,
SP__LY__2022__20.0,LY__2022,,,,,,,20.0,,,,,,,kvium,,,n,
SP__LY__2022__21.0,LY__2022,,,,,,,21.0,,,,,,,heerup,,,n,
SP__LY__2022__3.0,LY__2022,,,,,,,3.0,,,,,,,kvuim,,,n,
SP__LY__2022__4.0,LY__2022,,,,,,,4.0,,,,,,,rembrandt,,,y,
SP__LY__2022__19.0,LY__2022,,,,,,,19.0,,,,,,,rembrandt,,,n,
SP__LY__2022__1.0,LY__2022,,,,,,,1.0,,,,,,,rembrandt,,,n,
SP__LY__2022__2.0,LY__2022,,,,,,,2.0,,,,,,,heerup,,,n,
SP__LY__2022__22.0,LY__2022,,,,,,,22.0,,,,,,,heerup,,,n,
SP__LY__2022__21.0,LY__2022,,,,,,,21.0,,,,,,,heerup,,,y,
SP__LY__2022__17.0,LY__2022,,,,,,,17.0,,,,,,,kvium,,,y,
SP__LY__2022__18.0,LY__2022,,,,,,,18.0,,,,,,,rembrandt,,,y,
SP__LY__2022__16.0,LY__2022,,,,,,,16.0,,,,,,,heerup,,,y,
SP__LY__2022__15.0,LY__2022,,,,,,,15.0,,,,,,,heerup,,,n,
SP__LY__2022__21.0,LY__2022,,,,,,,21.0,,,,,,,kvium,,,y,
SP__LY__2022__14.0,LY__2022,,,,,,,14.0,,,,,,,kvium,,,n,
SP__LY__2022__13.0,LY__2022,,,,,,,13.0,,,,,,,rembrandt,,,n,
SP__LY__2022__12.0,LY__2022,,,,,,,12.0,,,,,,,kvium,,,n,
SP__LY__2022__11.0,LY__2022,,,,,,,11.0,,,,,,,rembrandt,,,n,
SP__LY__2022__10.0,LY__2022,,,,,,,10.0,,,,,,,heerup,,,n,
SP__LY__2022__9.0,LY__2022,,,,,,,9.0,,,,,,,rembrandt,,,y,
SP__LY__2022__8.0,LY__2022,,,,,,,8.0,,,,,,,kvium,,,y,
SP__LY__2022__5.0,LY__2022,,,,,,,5.0,,,,,,,rembrandt,,,y,
SP__LY__2022__4.0,LY__2022,,,,,,,4.0,,,,,,,heerup,,,y,
SP__LY__2022__3.0,LY__2022,,,,,,,3.0,,,,,,,kvium,,,y,
SP__LY__2022__24.0,LY__2022,,,,,,,24.0,,,,,,,kvium,,,n,
SP__LY__2022__23.0,LY__2022,,,,,,,23.0,,,,,,,rembrandt,,,y,
SP__LY__2022__6.0,LY__2022,,,,,,,6.0,,,,,,,kvium,,,n,
SP__LY__2022__16.0,LY__2022,,,,,,,16.0,,,,,,,rembrandt,,,y,
SP__LY__2022__18.0,LY__2022,,,,,,,18.0,,,,,,,kvium,,,y,
SP__LY__2022__17.0,LY__2022,,,,,,,17.0,,,,,,,heerup,,,y,
SP__LY__2022__20.0,LY__2022,,,,,,,20.0,,,,,,,rembrandt,,,n,
SP__LY__2022__19.0,LY__2022,,,,,,,19.0,,,,,,,heerup,,,n,
SP__LY__2022__21.0,LY__2022,,,,,,,21.0,,,,,,,kvuim,,,y,
SP__LY__2022__20.0,LY__2022,,,,,,,20.0,,,,,,,heerup,,,y,
SP__LY__2022__22.0,LY__2022,,,,,,,22.0,,,,,,,kvuim,,,n,
SP__LY__2022__15.0,LY__2022,,,,,,,15.0,,,,,,,kvuim,,,n,
SP__LY__2022__17.0,LY__2022,,,,,,,17.0,,,,,,,kvuim,,,y,
SP__LY__2022__3.0,LY__2022,,,,,,,3.0,,,,,,,Kvium,,,n,
SP__LY__2022__4.0,LY__2022,,,,,,,4.0,,,,,,,Heerup,,,n,
SP__LY__2022__5.0,LY__2022,,,,,,,5.0,,,,,,,Rembrandt,,,n,
SP__LY__2022__6.0,LY__2022,,,,,,,6.0,,,,,,,Kvium,,,y,
SP__LY__2022__2.0,LY__2022,,,,,,,2.0,,,,,,,Heerup,,,y,
SP__LY__2022__12.0,LY__2022,,,,,,,12.0,,,,,,,Kvium,,,y,
SP__LY__2022__13.0,LY__2022,,,,,,,13.0,,,,,,,Heerup,,,y,
SP__LY__2022__14.0,LY__2022,,,,,,,14.0,,,,,,,Kvium,,,y,
SP__LY__2022__1.0,LY__2022,,,,,,,1.0,,,,,,,Rembrandt,,,y,
SP__LY__2022__2.0,LY__2022,,,,,,,2.0,,,,,,,Kvium,,,y,
SP__LY__2022__16.0,LY__2022,,,,,,,16.0,,,,,,,Heerup,,,n,
SP__LY__2022__10.0,LY__2022,,,,,,,10.0,,,,,,,Heerup,,,y,
SP__LY__2022__11.0,LY__2022,,,,,,,11.0,,,,,,,Rembrandt,,,y,
SP__LY__2022__8.0,LY__2022,,,,,,,8.0,,,,,,,Kvium,,,n,
SP__LY__2022__9.0,LY__2022,,,,,,,9.0,,,,,,,Rembrandt,,,n,
SP__LY__2022__4.0,LY__2022,,,,,,,4.0,,,,,,,Kvium,,,n,
SP__LY__2022__3.0,LY__2022,,,,,,,3.0,,,,,,,Rembrandt,,,y,
SP__LY__2022__1.0,LY__2022,,,,,,,1.0,,,,,,,Heerup,,,y,
SP__LY__2022__5.0,LY__2022,,,,,,,5.0,,,,,,,kvium,,,y,
SP__LY__2022__3.0,LY__2022,,,,,,,3.0,,,,,,,rembrandt,,,n,
SP__LY__2022__1.0,LY__2022,,,,,,,1.0,,,,,,,kvium,,,n,
SP__LY__2022__11.0,LY__2022,,,,,,,11.0,,,,,,,heerup,,,n,
SP__LY__2022__13.0,LY__2022,,,,,,,13.0,,,,,,,kvium,,,n,
SP__LY__2022__2.0,LY__2022,,,,,,,2.0,,,,,,,rembrandt,,,n,
SP__LY__2022__3.0,LY__2022,,,,,,,3.0,,,,,,,heerup,,,n,
SP__LY__2022__12.0,LY__2022,,,,,,,12.0,,,,,,,kvium,,,y,
SP__LY__2022__11.0,LY__2022,,,,,,,11.0,,,,,,,rembrandt,,,y,
SP__LY__2022__10.0,LY__2022,,,,,,,10.0,,,,,,,heerup,,,y,
SP__LY__2022__9.0,LY__2022,,,,,,,9.0,,,,,,,heerup,,,n,
SP__LY__2022__4.0,LY__2022,,,,,,,4.0,,,,,,,kvium,,,y,
SP__LY__2022__8.0,LY__2022,,,,,,,8.0,,,,,,,kvium,,,n,
SP__LY__2022__7.0,LY__2022,,,,,,,7.0,,,,,,,rembrandt,,,n,
SP__LY__2022__17.0,LY__2022,,,,,,,17.0,,,,,,,Rembrandt,,,n,
SP__LY__2022__15.0,LY__2022,,,,,,,15.0,,,,,,,Rembrandt,,,y,
SP__LY__2022__23.0,LY__2022,,,,,,,23.0,,,,,,,Kvium,,,y,
SP__LY__2022__20.0,LY__2022,,,,,,,20.0,,,,,,,Kvium,,,n,
SP__LY__2022__18.0,LY__2022,,,,,,,18.0,,,,,,,Kvium,,,n,
SP__LY__2022__22.0,LY__2022,,,,,,,22.0,,,,,,,Rembrandt,,,y,
SP__LY__2022__21.0,LY__2022,,,,,,,21.0,,,,,,,Heerup,,,n,
SP__LY__2022__24.0,LY__2022,,,,,,,24.0,,,,,,,heerup,,,n,
SP__LY__2022__24.0,LY__2022,,,,,,,24.0,,,,,,,Heerup,,,y,
SP__LY__2022__20.0,LY__2022,,,,,,,20.0,,,,,,,Heerup,,,y,
SP__LY__2022__23.0,LY__2022,,,,,,,23.0,,,,,,,Rembrandt,,,n,
SP__LY__2022__22.0,LY__2022,,,,,,,22.0,,,,,,,Kvium,,,n,
SP__LY__2022__17.0,LY__2022,,,,,,,17.0,,,,,,,Heerup,,,n,
SP__LY__2022__19.0,LY__2022,,,,,,,19.0,,,,,,,Rembrandt,,,y,
SP__LY__2022__24.0,LY__2022,,,,,,,24.0,,,,,,,Kvium,,,y,
SP__LY__2022__16.0,LY__2022,,,,,,,16.0,,,,,,,Rembrandt,,,n,
SP__LY__2022__11.0,LY__2022,,,,,,,11.0,,,,,,,Heerup,,,y,
SP__LY__2022__24.0,LY__2022,,,,,,,24.0,,,,,,,kvium,,,y,
SP__LY__2022__11.0,LY__2022,,,,,,,11.0,,,,,,,Rembrandt,,,n,
SP__LY__2022__1.0,LY__2022,,,,,,,1.0,,,,,,,rembrandt,,,y,
SP__LY__2022__2.0,LY__2022,,,,,,,2.0,,,,,,,heerup,,,y,
SP__LY__2022__3.0,LY__2022,,,,,,,3.0,,,,,,,kvium,,,n,
SP__LY__2022__4.0,LY__2022,,,,,,,4.0,,,,,,,heerup,,,n,
SP__LY__2022__5.0,LY__2022,,,,,,,5.0,,,,,,,rembrandt,,,n,
SP__LY__2022__6.0,LY__2022,,,,,,,6.0,,,,,,,kvium,,,y,
SP__LY__2022__7.0,LY__2022,,,,,,,7.0,,,,,,,heerup,,,n,
SP__LY__2022__8.0,LY__2022,,,,,,,8.0,,,,,,,rembrandt,,,n,
SP__LY__2022__9.0,LY__2022,,,,,,,9.0,,,,,,,kvium,,,n,
SP__LY__2022__15.0,LY__2022,,,,,,,15.0,,,,,,,rembrandt,,,y,
SP__LY__2022__16.0,LY__2022,,,,,,,16.0,,,,,,,rembrandt,,,n,
SP__LY__2022__17.0,LY__2022,,,,,,,17.0,,,,,,,heerup,,,n,
SP__LY__2022__18.0,LY__2022,,,,,,,18.0,,,,,,,kvium,,,n,
SP__LY__2022__22.0,LY__2022,,,,,,,22.0,,,,,,,kvium,,,n,
SP__LY__2022__13.0,LY__2022,,,,,,,13.0,,,,,,,heerup,,,y,
SP__LY__2022__14.0,LY__2022,,,,,,,14.0,,,,,,,kvium,,,y,
SP__LY__1.0__2023__1.0__3.0__1.0,LY__1.0__2023,,,,,,1.0,3.0,1.0,,,,n,Normal,Heerup,,300.0,,
SP__LY__32.0__2023__3.0__91.0__8.0,LY__32.0__2023,,,,,,3.0,91.0,8.0,,,,n,Zero,Heerup,,300.0,,
SP__LY__33.0__2023__3.0__98.0__9.0,LY__33.0__2023,,,,,,3.0,98.0,9.0,,,,n,Normal,Rembrandt,,300.0,,
SP__LY__34.0__2023__3.0__100.0__9.0,LY__34.0__2023,,,,,,3.0,100.0,9.0,,,,n,Normal,Heerup,,300.0,,
SP__LY__35.0__2023__3.0__104.0__9.0,LY__35.0__2023,,,,,,3.0,104.0,9.0,,,,n,Normal,Kvium,,300.0,,
SP__LY__36.0__2023__3.0__107.0__9.0,LY__36.0__2023,,,,,,3.0,107.0,9.0,,,,n,Normal,Sheriff,,300.0,,
SP__LY__145.0__2023__1.0__3.0__1.0,LY__145.0__2023,,,,,,1.0,3.0,1.0,,,,n,Normal,Heerup,,300.0,,
SP__LY__149.0__2023__1.0__5.0__1.0,LY__149.0__2023,,,,,,1.0,5.0,1.0,,,,n,Normal,Sheriff,,300.0,,
SP__LY__153.0__2023__1.0__9.0__1.0,LY__153.0__2023,,,,,,1.0,9.0,1.0,,,,n,Normal,Kvium,,300.0,,
SP__LY__157.0__2023__1.0__10.0__1.0,LY__157.0__2023,,,,,,1.0,10.0,1.0,,,,n,Normal,Rembrandt,,300.0,,
SP__LY__205.0__2023__1.0__17.0__2.0,LY__205.0__2023,,,,,,1.0,17.0,2.0,,,,n,Half,Rembrandt,,300.0,,
SP__LY__201.0__2023__1.0__18.0__2.0,LY__201.0__2023,,,,,,1.0,18.0,2.0,,,,n,Half,Heerup,,300.0,,
SP__LY__197.0__2023__1.0__22.0__2.0,LY__197.0__2023,,,,,,1.0,22.0,2.0,,,,n,Half,Kvium,,300.0,,
SP__LY__193.0__2023__1.0__24.0__2.0,LY__193.0__2023,,,,,,1.0,24.0,2.0,,,,n,Half,Sheriff,,300.0,,
SP__LY__209.0__2023__1.0__25.0__3.0,LY__209.0__2023,,,,,,1.0,25.0,3.0,,,,n,Zero,Rembrandt,,300.0,,
SP__LY__213.0__2023__1.0__26.0__3.0,LY__213.0__2023,,,,,,1.0,26.0,3.0,,,,n,Zero,Sheriff,,300.0,,
SP__LY__217.0__2023__1.0__28.0__3.0,LY__217.0__2023,,,,,,1.0,28.0,3.0,,,,n,Zero,Kvium,,300.0,,
SP__LY__221.0__2023__1.0__35.0__3.0,LY__221.0__2023,,,,,,1.0,35.0,3.0,,,,n,Zero,Heerup,,300.0,,
SP__LY__253.0__2023__2.0__37.0__4.0,LY__253.0__2023,,,,,,2.0,37.0,4.0,,,,n,Half,Heerup,,300.0,,
SP__LY__249.0__2023__2.0__38.0__4.0,LY__249.0__2023,,,,,,2.0,38.0,4.0,,,,n,Half,Sheriff,,300.0,,
SP__LY__245.0__2023__2.0__41.0__4.0,LY__245.0__2023,,,,,,2.0,41.0,4.0,,,,n,Half,Rembrandt,,300.0,,
SP__LY__241.0__2023__2.0__44.0__4.0,LY__241.0__2023,,,,,,2.0,44.0,4.0,,,,n,Half,Kvium,,300.0,,
SP__LY__257.0__2023__2.0__51.0__5.0,LY__257.0__2023,,,,,,2.0,51.0,5.0,,,,n,Zero,Heerup,,300.0,,
SP__LY__261.0__2023__2.0__53.0__5.0,LY__261.0__2023,,,,,,2.0,53.0,5.0,,,,n,Zero,Sheriff,,300.0,,
SP__LY__265.0__2023__2.0__55.0__5.0,LY__265.0__2023,,,,,,2.0,55.0,5.0,,,,n,Zero,Rembrandt,,300.0,,
SP__LY__269.0__2023__2.0__59.0__5.0,LY__269.0__2023,,,,,,2.0,59.0,5.0,,,,n,Zero,Kvium,,300.0,,
SP__LY__273.0__2023__2.0__61.0__6.0,LY__273.0__2023,,,,,,2.0,61.0,6.0,,,,n,Normal,Heerup,,300.0,,
SP__LY__277.0__2023__2.0__66.0__6.0,LY__277.0__2023,,,,,,2.0,66.0,6.0,,,,n,Normal,Kvium,,300.0,,
SP__LY__31.0__2023__3.0__89.0__8.0,LY__31.0__2023,,,,,,3.0,89.0,8.0,,,,n,Zero,Sheriff,,300.0,,
SP__LY__30.0__2023__3.0__88.0__8.0,LY__30.0__2023,,,,,,3.0,88.0,8.0,,,,n,Zero,Rembrandt,,300.0,,
SP__LY__29.0__2023__3.0__87.0__8.0,LY__29.0__2023,,,,,,3.0,87.0,8.0,,,,n,Zero,Kvium,,300.0,,
SP__LY__604.0__2023__3.0__93.0__9.0,LY__604.0__2023,,,,,,3.0,93.0,9.0,,,,n,Zero,Heerup,,150.0,,
SP__LY__21.0__2023__2.0__61.0__6.0,LY__21.0__2023,,,,,,2.0,61.0,6.0,,,,n,Normal,Heerup,,300.0,,
SP__LY__20.0__2023__2.0__59.0__5.0,LY__20.0__2023,,,,,,2.0,59.0,5.0,,,,n,Zero,Kvium,,300.0,,
SP__LY__19.0__2023__2.0__55.0__5.0,LY__19.0__2023,,,,,,2.0,55.0,5.0,,,,n,Zero,Rembrandt,,300.0,,
SP__LY__18.0__2023__2.0__53.0__5.0,LY__18.0__2023,,,,,,2.0,53.0,5.0,,,,n,Zero,Sheriff,,300.0,,
SP__LY__17.0__2023__2.0__51.0__5.0,LY__17.0__2023,,,,,,2.0,51.0,5.0,,,,n,Zero,Heerup,,300.0,,
SP__LY__12.0__2023__1.0__35.0__3.0,LY__12.0__2023,,,,,,1.0,35.0,3.0,,,,n,Zero,Heerup,,300.0,,
SP__LY__11.0__2023__1.0__28.0__3.0,LY__11.0__2023,,,,,,1.0,28.0,3.0,,,,n,Zero,Kvium,,300.0,,
SP__LY__10.0__2023__1.0__26.0__3.0,LY__10.0__2023,,,,,,1.0,26.0,3.0,,,,n,Zero,Sheriff,,300.0,,
SP__LY__9.0__2023__1.0__25.0__3.0,LY__9.0__2023,,,,,,1.0,25.0,3.0,,,,n,Zero,Rembrandt,,300.0,,
SP__LY__4.0__2023__1.0__10.0__1.0,LY__4.0__2023,,,,,,1.0,10.0,1.0,,,,n,Normal,Rembrandt,,300.0,,
SP__LY__3.0__2023__1.0__9.0__1.0,LY__3.0__2023,,,,,,1.0,9.0,1.0,,,,n,Normal,Kvium,,300.0,,
SP__LY__2.0__2023__1.0__5.0__1.0,LY__2.0__2023,,,,,,1.0,5.0,1.0,,,,n,Normal,Sheriff,,300.0,,
SP__LY__24.0__2023__2.0__72.0__6.0,LY__24.0__2023,,,,,,2.0,72.0,6.0,,,,n,Normal,Rembrandt,,300.0,,
SP__LY__285.0__2023__2.0__72.0__6.0,LY__285.0__2023,,,,,,2.0,72.0,6.0,,,,n,Normal,Rembrandt,,300.0,,
SP__LY__648.0__2023__3.0__108.0__12.0,LY__648.0__2023,,,,,,3.0,108.0,12.0,,,,n,Normal,Sheriff,,450.0,,
SP__LY__646.0__2023__3.0__106.0__10.0,LY__646.0__2023,,,,,,3.0,106.0,10.0,,,,n,Normal,Kvium,,450.0,,
SP__LY__645.0__2023__3.0__105.0__9.0,LY__645.0__2023,,,,,,3.0,105.0,9.0,,,,n,Normal,Sheriff,,150.0,,
SP__LY__644.0__2023__3.0__104.0__8.0,LY__644.0__2023,,,,,,3.0,104.0,8.0,,,,n,Normal,Kvium,,300.0,,
SP__LY__643.0__2023__3.0__103.0__7.0,LY__643.0__2023,,,,,,3.0,103.0,7.0,,,,n,Normal,Rembrandt,,150.0,,
SP__LY__642.0__2023__3.0__102.0__6.0,LY__642.0__2023,,,,,,3.0,102.0,6.0,,,,n,Normal,Heerup,,450.0,,
SP__LY__641.0__2023__3.0__101.0__5.0,LY__641.0__2023,,,,,,3.0,101.0,5.0,,,,n,Normal,Rembrandt,,450.0,,
SP__LY__640.0__2023__3.0__100.0__4.0,LY__640.0__2023,,,,,,3.0,100.0,4.0,,,,n,Normal,Heerup,,300.0,,
SP__LY__639.0__2023__3.0__99.0__3.0,LY__639.0__2023,,,,,,3.0,99.0,3.0,,,,n,Normal,Kvium,,150.0,,
SP__LY__638.0__2023__3.0__98.0__2.0,LY__638.0__2023,,,,,,3.0,98.0,2.0,,,,n,Normal,Rembrandt,,300.0,,
SP__LY__637.0__2023__3.0__97.0__1.0,LY__637.0__2023,,,,,,3.0,97.0,1.0,,,,n,Normal,Heerup,,150.0,,
SP__LY__601.0__2023__3.0__96.0__12.0,LY__601.0__2023,,,,,,3.0,96.0,12.0,,,,n,Zero,Sheriff,,450.0,,
SP__LY__602.0__2023__3.0__95.0__11.0,LY__602.0__2023,,,,,,3.0,95.0,11.0,,,,n,Zero,Sheriff,,150.0,,
SP__LY__603.0__2023__3.0__94.0__10.0,LY__603.0__2023,,,,,,3.0,94.0,10.0,,,,n,Zero,Kvium,,150.0,,
SP__LY__647.0__2023__3.0__107.0__11.0,LY__647.0__2023,,,,,,3.0,107.0,11.0,,,,n,Normal,Sheriff,,300.0,,
SP__LY__22.0__2023__2.0__66.0__6.0,LY__22.0__2023,,,,,,2.0,66.0,6.0,,,,n,Normal,Kvium,,300.0,,
SP__LY__161.0__2023__3.0__75.0__7.0,LY__161.0__2023,,,,,,3.0,75.0,7.0,,,,n,Half,Sheriff,,300.0,,
SP__LY__169.0__2023__3.0__81.0__7.0,LY__169.0__2023,,,,,,3.0,81.0,7.0,,,,n,Half,Kvium,,300.0,,
SP__LY__165.0__2023__3.0__80.0__7.0,LY__165.0__2023,,,,,,3.0,80.0,7.0,,,,n,Half,Heerup,,300.0,,
SP__LY__401.0__2023__2.0__51.0__5.0,LY__401.0__2023,,,,,,2.0,51.0,5.0,,,,n,Zero,Heerup,,300.0,,
SP__LY__385.0__2023__2.0__44.0__4.0,LY__385.0__2023,,,,,,2.0,44.0,4.0,,,,n,Half,Kvium,,300.0,,
SP__LY__389.0__2023__2.0__41.0__4.0,LY__389.0__2023,,,,,,2.0,41.0,4.0,,,,n,Half,Rembrandt,,300.0,,
SP__LY__393.0__2023__2.0__38.0__4.0,LY__393.0__2023,,,,,,2.0,38.0,4.0,,,,n,Half,Sheriff,,300.0,,
SP__LY__397.0__2023__2.0__37.0__4.0,LY__397.0__2023,,,,,,2.0,37.0,4.0,,,,n,Half,Heerup,,300.0,,
SP__LY__365.0__2023__1.0__35.0__3.0,LY__365.0__2023,,,,,,1.0,35.0,3.0,,,,n,Zero,Heerup,,300.0,,
SP__LY__361.0__2023__1.0__28.0__3.0,LY__361.0__2023,,,,,,1.0,28.0,3.0,,,,n,Zero,Kvium,,300.0,,
SP__LY__357.0__2023__1.0__26.0__3.0,LY__357.0__2023,,,,,,1.0,26.0,3.0,,,,n,Zero,Sheriff,,300.0,,
SP__LY__353.0__2023__1.0__25.0__3.0,LY__353.0__2023,,,,,,1.0,25.0,3.0,,,,n,Zero,Rembrandt,,300.0,,
SP__LY__337.0__2023__1.0__24.0__2.0,LY__337.0__2023,,,,,,1.0,24.0,2.0,,,,n,Half,Sheriff,,300.0,,
SP__LY__341.0__2023__1.0__22.0__2.0,LY__341.0__2023,,,,,,1.0,22.0,2.0,,,,n,Half,Kvium,,300.0,,
SP__LY__23.0__2023__2.0__68.0__6.0,LY__23.0__2023,,,,,,2.0,68.0,6.0,,,,n,Normal,Sheriff,,300.0,,
SP__LY__349.0__2023__1.0__17.0__2.0,LY__349.0__2023,,,,,,1.0,17.0,2.0,,,,n,Half,Rembrandt,,300.0,,
SP__LY__345.0__2023__1.0__18.0__2.0,LY__345.0__2023,,,,,,1.0,18.0,2.0,,,,n,Half,Heerup,,300.0,,
SP__LY__189.0__2023__3.0__87.0__8.0,LY__189.0__2023,,,,,,3.0,87.0,8.0,,,,n,Zero,Kvium,,300.0,,
SP__LY__185.0__2023__3.0__88.0__8.0,LY__185.0__2023,,,,,,3.0,88.0,8.0,,,,n,Zero,Rembrandt,,300.0,,
SP__LY__181.0__2023__3.0__89.0__8.0,LY__181.0__2023,,,,,,3.0,89.0,8.0,,,,n,Zero,Sheriff,,300.0,,
SP__LY__177.0__2023__3.0__91.0__8.0,LY__177.0__2023,,,,,,3.0,91.0,8.0,,,,n,Zero,Heerup,,300.0,,
SP__LY__225.0__2023__3.0__98.0__9.0,LY__225.0__2023,,,,,,3.0,98.0,9.0,,,,n,Normal,Rembrandt,,300.0,,
SP__LY__173.0__2023__3.0__82.0__7.0,LY__173.0__2023,,,,,,3.0,82.0,7.0,,,,n,Half,Rembrandt,,300.0,,
SP__LY__233.0__2023__3.0__104.0__9.0,LY__233.0__2023,,,,,,3.0,104.0,9.0,,,,n,Normal,Kvium,,300.0,,
SP__LY__237.0__2023__3.0__107.0__9.0,LY__237.0__2023,,,,,,3.0,107.0,9.0,,,,n,Normal,Sheriff,,300.0,,
SP__LY__289.0__2023__1.0__3.0__1.0,LY__289.0__2023,,,,,,1.0,3.0,1.0,,,,n,Normal,Heerup,,300.0,,
SP__LY__293.0__2023__1.0__5.0__1.0,LY__293.0__2023,,,,,,1.0,5.0,1.0,,,,n,Normal,Sheriff,,300.0,,
SP__LY__297.0__2023__1.0__9.0__1.0,LY__297.0__2023,,,,,,1.0,9.0,1.0,,,,n,Normal,Kvium,,300.0,,
SP__LY__229.0__2023__3.0__100.0__9.0,LY__229.0__2023,,,,,,3.0,100.0,9.0,,,,n,Normal,Heerup,,300.0,,
SP__LY__465.0__2023__3.0__91.0__8.0,LY__465.0__2023,,,,,,3.0,91.0,8.0,,,,n,Zero,Heerup,,300.0,,
SP__LY__469.0__2023__3.0__89.0__8.0,LY__469.0__2023,,,,,,3.0,89.0,8.0,,,,n,Zero,Sheriff,,300.0,,
SP__LY__473.0__2023__3.0__88.0__8.0,LY__473.0__2023,,,,,,3.0,88.0,8.0,,,,n,Zero,Rembrandt,,300.0,,
SP__LY__477.0__2023__3.0__87.0__8.0,LY__477.0__2023,,,,,,3.0,87.0,8.0,,,,n,Zero,Kvium,,300.0,,
SP__LY__461.0__2023__3.0__82.0__7.0,LY__461.0__2023,,,,,,3.0,82.0,7.0,,,,n,Half,Rembrandt,,300.0,,
SP__LY__457.0__2023__3.0__81.0__7.0,LY__457.0__2023,,,,,,3.0,81.0,7.0,,,,n,Half,Kvium,,300.0,,
SP__LY__449.0__2023__3.0__75.0__7.0,LY__449.0__2023,,,,,,3.0,75.0,7.0,,,,n,Half,Sheriff,,300.0,,
SP__LY__573.0__2023__2.0__72.0__6.0,LY__573.0__2023,,,,,,2.0,72.0,6.0,,,,n,Normal,Rembrandt,,300.0,,
SP__LY__569.0__2023__2.0__68.0__6.0,LY__569.0__2023,,,,,,2.0,68.0,6.0,,,,n,Normal,Sheriff,,300.0,,
SP__LY__565.0__2023__2.0__66.0__6.0,LY__565.0__2023,,,,,,2.0,66.0,6.0,,,,n,Normal,Kvium,,300.0,,
SP__LY__513.0__2023__3.0__98.0__9.0,LY__513.0__2023,,,,,,3.0,98.0,9.0,,,,n,Normal,Rembrandt,,300.0,,
SP__LY__561.0__2023__2.0__61.0__6.0,LY__561.0__2023,,,,,,2.0,61.0,6.0,,,,n,Normal,Heerup,,300.0,,
SP__LY__557.0__2023__2.0__59.0__5.0,LY__557.0__2023,,,,,,2.0,59.0,5.0,,,,n,Zero,Kvium,,300.0,,
SP__LY__453.0__2023__3.0__80.0__7.0,LY__453.0__2023,,,,,,3.0,80.0,7.0,,,,n,Half,Heerup,,300.0,,
SP__LY__517.0__2023__3.0__100.0__9.0,LY__517.0__2023,,,,,,3.0,100.0,9.0,,,,n,Normal,Heerup,,300.0,,
SP__LY__849.0__2023__1.0__18.0__2.0,LY__849.0__2023,,,,,,1.0,18.0,2.0,,,,n,Half,Heerup,,300.0,,
SP__LY__525.0__2023__3.0__107.0__9.0,LY__525.0__2023,,,,,,3.0,107.0,9.0,,,,n,Normal,Sheriff,,300.0,,
SP__LY__797.0__2023__1.0__5.0__1.0,LY__797.0__2023,,,,,,1.0,5.0,1.0,,,,n,Normal,Sheriff,,300.0,,
SP__LY__801.0__2023__1.0__9.0__1.0,LY__801.0__2023,,,,,,1.0,9.0,1.0,,,,n,Normal,Kvium,,300.0,,
SP__LY__805.0__2023__1.0__10.0__1.0,LY__805.0__2023,,,,,,1.0,10.0,1.0,,,,n,Normal,Rembrandt,,300.0,,
SP__LY__853.0__2023__1.0__17.0__2.0,LY__853.0__2023,,,,,,1.0,17.0,2.0,,,,n,Half,Rembrandt,,300.0,,
SP__LY__845.0__2023__1.0__22.0__2.0,LY__845.0__2023,,,,,,1.0,22.0,2.0,,,,n,Half,Kvium,,300.0,,
SP__LY__841.0__2023__1.0__24.0__2.0,LY__841.0__2023,,,,,,1.0,24.0,2.0,,,,n,Half,Sheriff,,300.0,,
SP__LY__857.0__2023__1.0__25.0__3.0,LY__857.0__2023,,,,,,1.0,25.0,3.0,,,,n,Zero,Rembrandt,,300.0,,
SP__LY__861.0__2023__1.0__26.0__3.0,LY__861.0__2023,,,,,,1.0,26.0,3.0,,,,n,Zero,Sheriff,,300.0,,
SP__LY__865.0__2023__1.0__28.0__3.0,LY__865.0__2023,,,,,,1.0,28.0,3.0,,,,n,Zero,Kvium,,300.0,,
SP__LY__869.0__2023__1.0__35.0__3.0,LY__869.0__2023,,,,,,1.0,35.0,3.0,,,,n,Zero,Heerup,,300.0,,
SP__LY__901.0__2023__2.0__37.0__4.0,LY__901.0__2023,,,,,,2.0,37.0,4.0,,,,n,Half,Heerup,,300.0,,
SP__LY__893.0__2023__2.0__41.0__4.0,LY__893.0__2023,,,,,,2.0,41.0,4.0,,,,n,Half,Rembrandt,,300.0,,
SP__LY__889.0__2023__2.0__44.0__4.0,LY__889.0__2023,,,,,,2.0,44.0,4.0,,,,n,Half,Kvium,,300.0,,
SP__LY__521.0__2023__3.0__104.0__9.0,LY__521.0__2023,,,,,,3.0,104.0,9.0,,,,n,Normal,Kvium,,300.0,,
SP__LY__897.0__2023__2.0__38.0__4.0,LY__897.0__2023,,,,,,2.0,38.0,4.0,,,,n,Half,Sheriff,,300.0,,
SP__LY__1033.0__2023__2.0__44.0__4.0,LY__1033.0__2023,,,,,,2.0,44.0,4.0,,,,n,Half,Kvium,,300.0,,
SP__LY__905.0__2023__2.0__51.0__5.0,LY__905.0__2023,,,,,,2.0,51.0,5.0,,,,n,Zero,Heerup,,300.0,,
SP__LY__1189.0__2023__2.0__37.0__4.0,LY__1189.0__2023,,,,,,2.0,37.0,4.0,,,,n,Half,Heerup,,300.0,,
SP__LY__1157.0__2023__1.0__35.0__3.0,LY__1157.0__2023,,,,,,1.0,35.0,3.0,,,,n,Zero,Heerup,,300.0,,
SP__LY__1153.0__2023__1.0__28.0__3.0,LY__1153.0__2023,,,,,,1.0,28.0,3.0,,,,n,Zero,Kvium,,300.0,,
SP__LY__1149.0__2023__1.0__26.0__3.0,LY__1149.0__2023,,,,,,1.0,26.0,3.0,,,,n,Zero,Sheriff,,300.0,,
SP__LY__1145.0__2023__1.0__25.0__3.0,LY__1145.0__2023,,,,,,1.0,25.0,3.0,,,,n,Zero,Rembrandt,,300.0,,
SP__LY__1129.0__2023__1.0__24.0__2.0,LY__1129.0__2023,,,,,,1.0,24.0,2.0,,,,n,Half,Sheriff,,300.0,,
SP__LY__1133.0__2023__1.0__22.0__2.0,LY__1133.0__2023,,,,,,1.0,22.0,2.0,,,,n,Half,Kvium,,300.0,,
SP__LY__1137.0__2023__1.0__18.0__2.0,LY__1137.0__2023,,,,,,1.0,18.0,2.0,,,,n,Half,Heerup,,300.0,,
SP__LY__1141.0__2023__1.0__17.0__2.0,LY__1141.0__2023,,,,,,1.0,17.0,2.0,,,,n,Half,Rembrandt,,300.0,,
SP__LY__1185.0__2023__2.0__38.0__4.0,LY__1185.0__2023,,,,,,2.0,38.0,4.0,,,,n,Half,Sheriff,,300.0,,
SP__LY__1093.0__2023__1.0__10.0__1.0,LY__1093.0__2023,,,,,,1.0,10.0,1.0,,,,n,Normal,Rembrandt,,300.0,,
SP__LY__1085.0__2023__1.0__5.0__1.0,LY__1085.0__2023,,,,,,1.0,5.0,1.0,,,,n,Normal,Sheriff,,300.0,,
SP__LY__1081.0__2023__1.0__3.0__1.0,LY__1081.0__2023,,,,,,1.0,3.0,1.0,,,,n,Normal,Heerup,,300.0,,
SP__LY__1029.0__2023__3.0__107.0__9.0,LY__1029.0__2023,,,,,,3.0,107.0,9.0,,,,n,Normal,Sheriff,,300.0,,
SP__LY__1025.0__2023__3.0__104.0__9.0,LY__1025.0__2023,,,,,,3.0,104.0,9.0,,,,n,Normal,Kvium,,300.0,,
SP__LY__1021.0__2023__3.0__100.0__9.0,LY__1021.0__2023,,,,,,3.0,100.0,9.0,,,,n,Normal,Heerup,,300.0,,
SP__LY__1017.0__2023__3.0__98.0__9.0,LY__1017.0__2023,,,,,,3.0,98.0,9.0,,,,n,Normal,Rembrandt,,300.0,,
SP__LY__969.0__2023__3.0__91.0__8.0,LY__969.0__2023,,,,,,3.0,91.0,8.0,,,,n,Zero,Heerup,,300.0,,
SP__LY__973.0__2023__3.0__89.0__8.0,LY__973.0__2023,,,,,,3.0,89.0,8.0,,,,n,Zero,Sheriff,,300.0,,
SP__LY__977.0__2023__3.0__88.0__8.0,LY__977.0__2023,,,,,,3.0,88.0,8.0,,,,n,Zero,Rembrandt,,300.0,,
SP__LY__1089.0__2023__1.0__9.0__1.0,LY__1089.0__2023,,,,,,1.0,9.0,1.0,,,,n,Normal,Kvium,,300.0,,
SP__LY__981.0__2023__3.0__87.0__8.0,LY__981.0__2023,,,,,,3.0,87.0,8.0,,,,n,Zero,Kvium,,300.0,,
SP__LY__1181.0__2023__2.0__41.0__4.0,LY__1181.0__2023,,,,,,2.0,41.0,4.0,,,,n,Half,Rembrandt,,300.0,,
SP__LY__1193.0__2023__2.0__51.0__5.0,LY__1193.0__2023,,,,,,2.0,51.0,5.0,,,,n,Zero,Heerup,,300.0,,
SP__LY__1173.0__2023__3.0__107.0__9.0,LY__1173.0__2023,,,,,,3.0,107.0,9.0,,,,n,Normal,Sheriff,,300.0,,
SP__LY__1165.0__2023__3.0__100.0__9.0,LY__1165.0__2023,,,,,,3.0,100.0,9.0,,,,n,Normal,Heerup,,300.0,,
SP__LY__1161.0__2023__3.0__98.0__9.0,LY__1161.0__2023,,,,,,3.0,98.0,9.0,,,,n,Normal,Rembrandt,,300.0,,
SP__LY__1113.0__2023__3.0__91.0__8.0,LY__1113.0__2023,,,,,,3.0,91.0,8.0,,,,n,Zero,Heerup,,300.0,,
SP__LY__1117.0__2023__3.0__89.0__8.0,LY__1117.0__2023,,,,,,3.0,89.0,8.0,,,,n,Zero,Sheriff,,300.0,,
SP__LY__1121.0__2023__3.0__88.0__8.0,LY__1121.0__2023,,,,,,3.0,88.0,8.0,,,,n,Zero,Rembrandt,,300.0,,
SP__LY__1125.0__2023__3.0__87.0__8.0,LY__1125.0__2023,,,,,,3.0,87.0,8.0,,,,n,Zero,Kvium,,300.0,,
SP__LY__1177.0__2023__2.0__44.0__4.0,LY__1177.0__2023,,,,,,2.0,44.0,4.0,,,,n,Half,Kvium,,300.0,,
SP__LY__1109.0__2023__3.0__82.0__7.0,LY__1109.0__2023,,,,,,3.0,82.0,7.0,,,,n,Half,Rembrandt,,300.0,,
SP__LY__1101.0__2023__3.0__80.0__7.0,LY__1101.0__2023,,,,,,3.0,80.0,7.0,,,,n,Half,Heerup,,300.0,,
SP__LY__1097.0__2023__3.0__75.0__7.0,LY__1097.0__2023,,,,,,3.0,75.0,7.0,,,,n,Half,Sheriff,,300.0,,
SP__LY__1221.0__2023__2.0__72.0__6.0,LY__1221.0__2023,,,,,,2.0,72.0,6.0,,,,n,Normal,Rembrandt,,300.0,,
SP__LY__1217.0__2023__2.0__68.0__6.0,LY__1217.0__2023,,,,,,2.0,68.0,6.0,,,,n,Normal,Sheriff,,300.0,,
SP__LY__1213.0__2023__2.0__66.0__6.0,LY__1213.0__2023,,,,,,2.0,66.0,6.0,,,,n,Normal,Kvium,,300.0,,
SP__LY__1209.0__2023__2.0__61.0__6.0,LY__1209.0__2023,,,,,,2.0,61.0,6.0,,,,n,Normal,Heerup,,300.0,,
SP__LY__1205.0__2023__2.0__59.0__5.0,LY__1205.0__2023,,,,,,2.0,59.0,5.0,,,,n,Zero,Kvium,,300.0,,
SP__LY__1201.0__2023__2.0__55.0__5.0,LY__1201.0__2023,,,,,,2.0,55.0,5.0,,,,n,Zero,Rembrandt,,300.0,,
SP__LY__1197.0__2023__2.0__53.0__5.0,LY__1197.0__2023,,,,,,2.0,53.0,5.0,,,,n,Zero,Sheriff,,300.0,,
SP__LY__1105.0__2023__3.0__81.0__7.0,LY__1105.0__2023,,,,,,3.0,81.0,7.0,,,,n,Half,Kvium,,300.0,,
SP__LY__553.0__2023__2.0__55.0__5.0,LY__553.0__2023,,,,,,2.0,55.0,5.0,,,,n,Zero,Rembrandt,,300.0,,
SP__LY__965.0__2023__3.0__82.0__7.0,LY__965.0__2023,,,,,,3.0,82.0,7.0,,,,n,Half,Rembrandt,,300.0,,
SP__LY__957.0__2023__3.0__80.0__7.0,LY__957.0__2023,,,,,,3.0,80.0,7.0,,,,n,Half,Heerup,,300.0,,
SP__LY__941.0__2023__1.0__5.0__1.0,LY__941.0__2023,,,,,,1.0,5.0,1.0,,,,n,Normal,Sheriff,,300.0,,
SP__LY__937.0__2023__1.0__3.0__1.0,LY__937.0__2023,,,,,,1.0,3.0,1.0,,,,n,Normal,Heerup,,300.0,,
SP__LY__885.0__2023__3.0__107.0__9.0,LY__885.0__2023,,,,,,3.0,107.0,9.0,,,,n,Normal,Sheriff,,300.0,,
SP__LY__877.0__2023__3.0__100.0__9.0,LY__877.0__2023,,,,,,3.0,100.0,9.0,,,,n,Normal,Heerup,,300.0,,
SP__LY__873.0__2023__3.0__98.0__9.0,LY__873.0__2023,,,,,,3.0,98.0,9.0,,,,n,Normal,Rembrandt,,300.0,,
SP__LY__825.0__2023__3.0__91.0__8.0,LY__825.0__2023,,,,,,3.0,91.0,8.0,,,,n,Zero,Heerup,,300.0,,
SP__LY__829.0__2023__3.0__89.0__8.0,LY__829.0__2023,,,,,,3.0,89.0,8.0,,,,n,Zero,Sheriff,,300.0,,
SP__LY__833.0__2023__3.0__88.0__8.0,LY__833.0__2023,,,,,,3.0,88.0,8.0,,,,n,Zero,Rembrandt,,300.0,,
SP__LY__837.0__2023__3.0__87.0__8.0,LY__837.0__2023,,,,,,3.0,87.0,8.0,,,,n,Zero,Kvium,,300.0,,
SP__LY__945.0__2023__1.0__9.0__1.0,LY__945.0__2023,,,,,,1.0,9.0,1.0,,,,n,Normal,Kvium,,300.0,,
SP__LY__821.0__2023__3.0__82.0__7.0,LY__821.0__2023,,,,,,3.0,82.0,7.0,,,,n,Half,Rembrandt,,300.0,,
SP__LY__813.0__2023__3.0__80.0__7.0,LY__813.0__2023,,,,,,3.0,80.0,7.0,,,,n,Half,Heerup,,300.0,,
SP__LY__809.0__2023__3.0__75.0__7.0,LY__809.0__2023,,,,,,3.0,75.0,7.0,,,,n,Half,Sheriff,,300.0,,
SP__LY__933.0__2023__2.0__72.0__6.0,LY__933.0__2023,,,,,,2.0,72.0,6.0,,,,n,Normal,Rembrandt,,300.0,,
SP__LY__929.0__2023__2.0__68.0__6.0,LY__929.0__2023,,,,,,2.0,68.0,6.0,,,,n,Normal,Sheriff,,300.0,,
SP__LY__925.0__2023__2.0__66.0__6.0,LY__925.0__2023,,,,,,2.0,66.0,6.0,,,,n,Normal,Kvium,,300.0,,
SP__LY__921.0__2023__2.0__61.0__6.0,LY__921.0__2023,,,,,,2.0,61.0,6.0,,,,n,Normal,Heerup,,300.0,,
SP__LY__917.0__2023__2.0__59.0__5.0,LY__917.0__2023,,,,,,2.0,59.0,5.0,,,,n,Zero,Kvium,,300.0,,
SP__LY__913.0__2023__2.0__55.0__5.0,LY__913.0__2023,,,,,,2.0,55.0,5.0,,,,n,Zero,Rembrandt,,300.0,,
SP__LY__909.0__2023__2.0__53.0__5.0,LY__909.0__2023,,,,,,2.0,53.0,5.0,,,,n,Zero,Sheriff,,300.0,,
SP__LY__817.0__2023__3.0__81.0__7.0,LY__817.0__2023,,,,,,3.0,81.0,7.0,,,,n,Half,Kvium,,300.0,,
SP__LY__961.0__2023__3.0__81.0__7.0,LY__961.0__2023,,,,,,3.0,81.0,7.0,,,,n,Half,Kvium,,300.0,,
SP__LY__949.0__2023__1.0__10.0__1.0,LY__949.0__2023,,,,,,1.0,10.0,1.0,,,,n,Normal,Rembrandt,,300.0,,
SP__LY__953.0__2023__3.0__75.0__7.0,LY__953.0__2023,,,,,,3.0,75.0,7.0,,,,n,Half,Sheriff,,300.0,,
SP__LY__1077.0__2023__2.0__72.0__6.0,LY__1077.0__2023,,,,,,2.0,72.0,6.0,,,,n,Normal,Rembrandt,,300.0,,
SP__LY__1073.0__2023__2.0__68.0__6.0,LY__1073.0__2023,,,,,,2.0,68.0,6.0,,,,n,Normal,Sheriff,,300.0,,
SP__LY__1069.0__2023__2.0__66.0__6.0,LY__1069.0__2023,,,,,,2.0,66.0,6.0,,,,n,Normal,Kvium,,300.0,,
SP__LY__1065.0__2023__2.0__61.0__6.0,LY__1065.0__2023,,,,,,2.0,61.0,6.0,,,,n,Normal,Heerup,,300.0,,
SP__LY__1061.0__2023__2.0__59.0__5.0,LY__1061.0__2023,,,,,,2.0,59.0,5.0,,,,n,Zero,Kvium,,300.0,,
SP__LY__1057.0__2023__2.0__55.0__5.0,LY__1057.0__2023,,,,,,2.0,55.0,5.0,,,,n,Zero,Rembrandt,,300.0,,
SP__LY__1053.0__2023__2.0__53.0__5.0,LY__1053.0__2023,,,,,,2.0,53.0,5.0,,,,n,Zero,Sheriff,,300.0,,
SP__LY__1049.0__2023__2.0__51.0__5.0,LY__1049.0__2023,,,,,,2.0,51.0,5.0,,,,n,Zero,Heerup,,300.0,,
SP__LY__1037.0__2023__2.0__41.0__4.0,LY__1037.0__2023,,,,,,2.0,41.0,4.0,,,,n,Half,Rembrandt,,300.0,,
SP__LY__1045.0__2023__2.0__37.0__4.0,LY__1045.0__2023,,,,,,2.0,37.0,4.0,,,,n,Half,Heerup,,300.0,,
SP__LY__1013.0__2023__1.0__35.0__3.0,LY__1013.0__2023,,,,,,1.0,35.0,3.0,,,,n,Zero,Heerup,,300.0,,
SP__LY__1009.0__2023__1.0__28.0__3.0,LY__1009.0__2023,,,,,,1.0,28.0,3.0,,,,n,Zero,Kvium,,300.0,,
SP__LY__1005.0__2023__1.0__26.0__3.0,LY__1005.0__2023,,,,,,1.0,26.0,3.0,,,,n,Zero,Sheriff,,300.0,,
SP__LY__1001.0__2023__1.0__25.0__3.0,LY__1001.0__2023,,,,,,1.0,25.0,3.0,,,,n,Zero,Rembrandt,,300.0,,
SP__LY__985.0__2023__1.0__24.0__2.0,LY__985.0__2023,,,,,,1.0,24.0,2.0,,,,n,Half,Sheriff,,300.0,,
SP__LY__989.0__2023__1.0__22.0__2.0,LY__989.0__2023,,,,,,1.0,22.0,2.0,,,,n,Half,Kvium,,300.0,,
SP__LY__993.0__2023__1.0__18.0__2.0,LY__993.0__2023,,,,,,1.0,18.0,2.0,,,,n,Half,Heerup,,300.0,,
SP__LY__997.0__2023__1.0__17.0__2.0,LY__997.0__2023,,,,,,1.0,17.0,2.0,,,,n,Half,Rembrandt,,300.0,,
SP__LY__1041.0__2023__2.0__38.0__4.0,LY__1041.0__2023,,,,,,2.0,38.0,4.0,,,,n,Half,Sheriff,,300.0,,
SP__LY__545.0__2023__2.0__51.0__5.0,LY__545.0__2023,,,,,,2.0,51.0,5.0,,,,n,Zero,Heerup,,300.0,,
SP__LY__313.0__2023__3.0__81.0__7.0,LY__313.0__2023,,,,,,3.0,81.0,7.0,,,,n,Half,Kvium,,300.0,,
SP__LY__533.0__2023__2.0__41.0__4.0,LY__533.0__2023,,,,,,2.0,41.0,4.0,,,,n,Half,Rembrandt,,300.0,,
SP__LY__529.0__2023__2.0__44.0__4.0,LY__529.0__2023,,,,,,2.0,44.0,4.0,,,,n,Half,Kvium,,300.0,,
SP__LY__405.0__2023__2.0__53.0__5.0,LY__405.0__2023,,,,,,2.0,53.0,5.0,,,,n,Zero,Sheriff,,300.0,,
SP__LY__413.0__2023__2.0__59.0__5.0,LY__413.0__2023,,,,,,2.0,59.0,5.0,,,,n,Zero,Kvium,,300.0,,
SP__LY__417.0__2023__2.0__61.0__6.0,LY__417.0__2023,,,,,,2.0,61.0,6.0,,,,n,Normal,Heerup,,300.0,,
SP__LY__421.0__2023__2.0__66.0__6.0,LY__421.0__2023,,,,,,2.0,66.0,6.0,,,,n,Normal,Kvium,,300.0,,
SP__LY__425.0__2023__2.0__68.0__6.0,LY__425.0__2023,,,,,,2.0,68.0,6.0,,,,n,Normal,Sheriff,,300.0,,
SP__LY__429.0__2023__2.0__72.0__6.0,LY__429.0__2023,,,,,,2.0,72.0,6.0,,,,n,Normal,Rembrandt,,300.0,,
SP__LY__305.0__2023__3.0__75.0__7.0,LY__305.0__2023,,,,,,3.0,75.0,7.0,,,,n,Half,Sheriff,,300.0,,
SP__LY__309.0__2023__3.0__80.0__7.0,LY__309.0__2023,,,,,,3.0,80.0,7.0,,,,n,Half,Heerup,,300.0,,
SP__LY__317.0__2023__3.0__82.0__7.0,LY__317.0__2023,,,,,,3.0,82.0,7.0,,,,n,Half,Rembrandt,,300.0,,
SP__LY__333.0__2023__3.0__87.0__8.0,LY__333.0__2023,,,,,,3.0,87.0,8.0,,,,n,Zero,Kvium,,300.0,,
SP__LY__329.0__2023__3.0__88.0__8.0,LY__329.0__2023,,,,,,3.0,88.0,8.0,,,,n,Zero,Rembrandt,,300.0,,
SP__LY__325.0__2023__3.0__89.0__8.0,LY__325.0__2023,,,,,,3.0,89.0,8.0,,,,n,Zero,Sheriff,,300.0,,
SP__LY__321.0__2023__3.0__91.0__8.0,LY__321.0__2023,,,,,,3.0,91.0,8.0,,,,n,Zero,Heerup,,300.0,,
SP__LY__369.0__2023__3.0__98.0__9.0,LY__369.0__2023,,,,,,3.0,98.0,9.0,,,,n,Normal,Rembrandt,,300.0,,
SP__LY__409.0__2023__2.0__55.0__5.0,LY__409.0__2023,,,,,,2.0,55.0,5.0,,,,n,Zero,Rembrandt,,300.0,,
SP__LY__377.0__2023__3.0__104.0__9.0,LY__377.0__2023,,,,,,3.0,104.0,9.0,,,,n,Normal,Kvium,,300.0,,
SP__LY__541.0__2023__2.0__37.0__4.0,LY__541.0__2023,,,,,,2.0,37.0,4.0,,,,n,Half,Heerup,,300.0,,
SP__LY__509.0__2023__1.0__35.0__3.0,LY__509.0__2023,,,,,,1.0,35.0,3.0,,,,n,Zero,Heerup,,300.0,,
SP__LY__505.0__2023__1.0__28.0__3.0,LY__505.0__2023,,,,,,1.0,28.0,3.0,,,,n,Zero,Kvium,,300.0,,
SP__LY__501.0__2023__1.0__26.0__3.0,LY__501.0__2023,,,,,,1.0,26.0,3.0,,,,n,Zero,Sheriff,,300.0,,
SP__LY__497.0__2023__1.0__25.0__3.0,LY__497.0__2023,,,,,,1.0,25.0,3.0,,,,n,Zero,Rembrandt,,300.0,,
SP__LY__373.0__2023__3.0__100.0__9.0,LY__373.0__2023,,,,,,3.0,100.0,9.0,,,,n,Normal,Heerup,,300.0,,
SP__LY__489.0__2023__1.0__18.0__2.0,LY__489.0__2023,,,,,,1.0,18.0,2.0,,,,n,Half,Heerup,,300.0,,
SP__LY__485.0__2023__1.0__22.0__2.0,LY__485.0__2023,,,,,,1.0,22.0,2.0,,,,n,Half,Kvium,,300.0,,
SP__LY__445.0__2023__1.0__10.0__1.0,LY__445.0__2023,,,,,,1.0,10.0,1.0,,,,n,Normal,Rembrandt,,300.0,,
SP__LY__441.0__2023__1.0__9.0__1.0,LY__441.0__2023,,,,,,1.0,9.0,1.0,,,,n,Normal,Kvium,,300.0,,
SP__LY__437.0__2023__1.0__5.0__1.0,LY__437.0__2023,,,,,,1.0,5.0,1.0,,,,n,Normal,Sheriff,,300.0,,
SP__LY__433.0__2023__1.0__3.0__1.0,LY__433.0__2023,,,,,,1.0,3.0,1.0,,,,n,Normal,Heerup,,300.0,,
SP__LY__381.0__2023__3.0__107.0__9.0,LY__381.0__2023,,,,,,3.0,107.0,9.0,,,,n,Normal,Sheriff,,300.0,,
SP__LY__537.0__2023__2.0__38.0__4.0,LY__537.0__2023,,,,,,2.0,38.0,4.0,,,,n,Half,Sheriff,,300.0,,
SP__LY__493.0__2023__1.0__17.0__2.0,LY__493.0__2023,,,,,,1.0,17.0,2.0,,,,n,Half,Rembrandt,,300.0,,
SP__LY__1118.0__2023__3.0__89.0__8.0,LY__1118.0__2023,,,,,,3.0,89.0,8.0,,,,n,Zero,Sheriff,,300.0,,
SP__LY__1114.0__2023__3.0__91.0__8.0,LY__1114.0__2023,,,,,,3.0,91.0,8.0,,,,n,Zero,Heerup,,300.0,,
SP__LY__1162.0__2023__3.0__98.0__9.0,LY__1162.0__2023,,,,,,3.0,98.0,9.0,,,,n,Normal,Rembrandt,,300.0,,
SP__LY__1166.0__2023__3.0__100.0__9.0,LY__1166.0__2023,,,,,,3.0,100.0,9.0,,,,n,Normal,Heerup,,300.0,,
SP__LY__1174.0__2023__3.0__107.0__9.0,LY__1174.0__2023,,,,,,3.0,107.0,9.0,,,,n,Normal,Sheriff,,300.0,,
SP__LY__842.0__2023__1.0__24.0__2.0,LY__842.0__2023,,,,,,1.0,24.0,2.0,,,,n,Half,Sheriff,,300.0,,
SP__LY__866.0__2023__1.0__28.0__3.0,LY__866.0__2023,,,,,,1.0,28.0,3.0,,,,n,Zero,Kvium,,300.0,,
SP__LY__862.0__2023__1.0__26.0__3.0,LY__862.0__2023,,,,,,1.0,26.0,3.0,,,,n,Zero,Sheriff,,300.0,,
SP__LY__858.0__2023__1.0__25.0__3.0,LY__858.0__2023,,,,,,1.0,25.0,3.0,,,,n,Zero,Rembrandt,,300.0,,
SP__LY__1122.0__2023__3.0__88.0__8.0,LY__1122.0__2023,,,,,,3.0,88.0,8.0,,,,n,Zero,Rembrandt,,300.0,,
SP__LY__846.0__2023__1.0__22.0__2.0,LY__846.0__2023,,,,,,1.0,22.0,2.0,,,,n,Half,Kvium,,300.0,,
SP__LY__850.0__2023__1.0__18.0__2.0,LY__850.0__2023,,,,,,1.0,18.0,2.0,,,,n,Half,Heerup,,300.0,,
SP__LY__1126.0__2023__3.0__87.0__8.0,LY__1126.0__2023,,,,,,3.0,87.0,8.0,,,,n,Zero,Kvium,,300.0,,
SP__LY__1214.0__2023__2.0__66.0__6.0,LY__1214.0__2023,,,,,,2.0,66.0,6.0,,,,n,Normal,Kvium,,300.0,,
SP__LY__1106.0__2023__3.0__81.0__7.0,LY__1106.0__2023,,,,,,3.0,81.0,7.0,,,,n,Half,Kvium,,300.0,,
SP__LY__1102.0__2023__3.0__80.0__7.0,LY__1102.0__2023,,,,,,3.0,80.0,7.0,,,,n,Half,Heerup,,300.0,,
SP__LY__1098.0__2023__3.0__75.0__7.0,LY__1098.0__2023,,,,,,3.0,75.0,7.0,,,,n,Half,Sheriff,,300.0,,
SP__LY__1222.0__2023__2.0__72.0__6.0,LY__1222.0__2023,,,,,,2.0,72.0,6.0,,,,n,Normal,Rembrandt,,300.0,,
SP__LY__1218.0__2023__2.0__68.0__6.0,LY__1218.0__2023,,,,,,2.0,68.0,6.0,,,,n,Normal,Sheriff,,300.0,,
SP__LY__1210.0__2023__2.0__61.0__6.0,LY__1210.0__2023,,,,,,2.0,61.0,6.0,,,,n,Normal,Heerup,,300.0,,
SP__LY__1202.0__2023__2.0__55.0__5.0,LY__1202.0__2023,,,,,,2.0,55.0,5.0,,,,n,Zero,Rembrandt,,300.0,,
SP__LY__1198.0__2023__2.0__53.0__5.0,LY__1198.0__2023,,,,,,2.0,53.0,5.0,,,,n,Zero,Sheriff,,300.0,,
SP__LY__1194.0__2023__2.0__51.0__5.0,LY__1194.0__2023,,,,,,2.0,51.0,5.0,,,,n,Zero,Heerup,,300.0,,
SP__LY__1178.0__2023__2.0__44.0__4.0,LY__1178.0__2023,,,,,,2.0,44.0,4.0,,,,n,Half,Kvium,,300.0,,
SP__LY__1182.0__2023__2.0__41.0__4.0,LY__1182.0__2023,,,,,,2.0,41.0,4.0,,,,n,Half,Rembrandt,,300.0,,
SP__LY__854.0__2023__1.0__17.0__2.0,LY__854.0__2023,,,,,,1.0,17.0,2.0,,,,n,Half,Rembrandt,,300.0,,
SP__LY__1186.0__2023__2.0__38.0__4.0,LY__1186.0__2023,,,,,,2.0,38.0,4.0,,,,n,Half,Sheriff,,300.0,,
SP__LY__1190.0__2023__2.0__37.0__4.0,LY__1190.0__2023,,,,,,2.0,37.0,4.0,,,,n,Half,Heerup,,300.0,,
SP__LY__1110.0__2023__3.0__82.0__7.0,LY__1110.0__2023,,,,,,3.0,82.0,7.0,,,,n,Half,Rembrandt,,300.0,,
SP__LY__806.0__2023__1.0__10.0__1.0,LY__806.0__2023,,,,,,1.0,10.0,1.0,,,,n,Normal,Rembrandt,,300.0,,
SP__LY__574.0__2023__2.0__72.0__6.0,LY__574.0__2023,,,,,,2.0,72.0,6.0,,,,n,Normal,Rembrandt,,300.0,,
SP__LY__798.0__2023__1.0__5.0__1.0,LY__798.0__2023,,,,,,1.0,5.0,1.0,,,,n,Normal,Sheriff,,300.0,,
SP__LY__554.0__2023__2.0__55.0__5.0,LY__554.0__2023,,,,,,2.0,55.0,5.0,,,,n,Zero,Rembrandt,,300.0,,
SP__LY__546.0__2023__2.0__51.0__5.0,LY__546.0__2023,,,,,,2.0,51.0,5.0,,,,n,Zero,Heerup,,300.0,,
SP__LY__530.0__2023__2.0__44.0__4.0,LY__530.0__2023,,,,,,2.0,44.0,4.0,,,,n,Half,Kvium,,300.0,,
SP__LY__534.0__2023__2.0__41.0__4.0,LY__534.0__2023,,,,,,2.0,41.0,4.0,,,,n,Half,Rembrandt,,300.0,,
SP__LY__538.0__2023__2.0__38.0__4.0,LY__538.0__2023,,,,,,2.0,38.0,4.0,,,,n,Half,Sheriff,,300.0,,
SP__LY__542.0__2023__2.0__37.0__4.0,LY__542.0__2023,,,,,,2.0,37.0,4.0,,,,n,Half,Heerup,,300.0,,
SP__LY__558.0__2023__2.0__59.0__5.0,LY__558.0__2023,,,,,,2.0,59.0,5.0,,,,n,Zero,Kvium,,300.0,,
SP__LY__510.0__2023__1.0__35.0__3.0,LY__510.0__2023,,,,,,1.0,35.0,3.0,,,,n,Zero,Heerup,,300.0,,
SP__LY__502.0__2023__1.0__26.0__3.0,LY__502.0__2023,,,,,,1.0,26.0,3.0,,,,n,Zero,Sheriff,,300.0,,
SP__LY__498.0__2023__1.0__25.0__3.0,LY__498.0__2023,,,,,,1.0,25.0,3.0,,,,n,Zero,Rembrandt,,300.0,,
SP__LY__486.0__2023__1.0__22.0__2.0,LY__486.0__2023,,,,,,1.0,22.0,2.0,,,,n,Half,Kvium,,300.0,,
SP__LY__490.0__2023__1.0__18.0__2.0,LY__490.0__2023,,,,,,1.0,18.0,2.0,,,,n,Half,Heerup,,300.0,,
SP__LY__494.0__2023__1.0__17.0__2.0,LY__494.0__2023,,,,,,1.0,17.0,2.0,,,,n,Half,Rembrandt,,300.0,,
SP__LY__446.0__2023__1.0__10.0__1.0,LY__446.0__2023,,,,,,1.0,10.0,1.0,,,,n,Normal,Rembrandt,,300.0,,
SP__LY__506.0__2023__1.0__28.0__3.0,LY__506.0__2023,,,,,,1.0,28.0,3.0,,,,n,Zero,Kvium,,300.0,,
SP__LY__802.0__2023__1.0__9.0__1.0,LY__802.0__2023,,,,,,1.0,9.0,1.0,,,,n,Normal,Kvium,,300.0,,
SP__LY__562.0__2023__2.0__61.0__6.0,LY__562.0__2023,,,,,,2.0,61.0,6.0,,,,n,Normal,Heerup,,300.0,,
SP__LY__570.0__2023__2.0__68.0__6.0,LY__570.0__2023,,,,,,2.0,68.0,6.0,,,,n,Normal,Sheriff,,300.0,,
SP__LY__793.0__2023__1.0__3.0__1.0,LY__793.0__2023,,,,,,1.0,3.0,1.0,,,,n,Normal,Heerup,,300.0,,
SP__LY__526.0__2023__3.0__107.0__9.0,LY__526.0__2023,,,,,,3.0,107.0,9.0,,,,n,Normal,Sheriff,,300.0,,
SP__LY__522.0__2023__3.0__104.0__9.0,LY__522.0__2023,,,,,,3.0,104.0,9.0,,,,n,Normal,Kvium,,300.0,,
SP__LY__518.0__2023__3.0__100.0__9.0,LY__518.0__2023,,,,,,3.0,100.0,9.0,,,,n,Normal,Heerup,,300.0,,
SP__LY__514.0__2023__3.0__98.0__9.0,LY__514.0__2023,,,,,,3.0,98.0,9.0,,,,n,Normal,Rembrandt,,300.0,,
SP__LY__466.0__2023__3.0__91.0__8.0,LY__466.0__2023,,,,,,3.0,91.0,8.0,,,,n,Zero,Heerup,,300.0,,
SP__LY__566.0__2023__2.0__66.0__6.0,LY__566.0__2023,,,,,,2.0,66.0,6.0,,,,n,Normal,Kvium,,300.0,,
SP__LY__470.0__2023__3.0__89.0__8.0,LY__470.0__2023,,,,,,3.0,89.0,8.0,,,,n,Zero,Sheriff,,300.0,,
SP__LY__478.0__2023__3.0__87.0__8.0,LY__478.0__2023,,,,,,3.0,87.0,8.0,,,,n,Zero,Kvium,,300.0,,
SP__LY__462.0__2023__3.0__82.0__7.0,LY__462.0__2023,,,,,,3.0,82.0,7.0,,,,n,Half,Rembrandt,,300.0,,
SP__LY__458.0__2023__3.0__81.0__7.0,LY__458.0__2023,,,,,,3.0,81.0,7.0,,,,n,Half,Kvium,,300.0,,
SP__LY__454.0__2023__3.0__80.0__7.0,LY__454.0__2023,,,,,,3.0,80.0,7.0,,,,n,Half,Heerup,,300.0,,
SP__LY__450.0__2023__3.0__75.0__7.0,LY__450.0__2023,,,,,,3.0,75.0,7.0,,,,n,Half,Sheriff,,300.0,,
SP__LY__1158.0__2023__1.0__35.0__3.0,LY__1158.0__2023,,,,,,1.0,35.0,3.0,,,,n,Zero,Heerup,,300.0,,
SP__LY__474.0__2023__3.0__88.0__8.0,LY__474.0__2023,,,,,,3.0,88.0,8.0,,,,n,Zero,Rembrandt,,300.0,,
SP__LY__1154.0__2023__1.0__28.0__3.0,LY__1154.0__2023,,,,,,1.0,28.0,3.0,,,,n,Zero,Kvium,,300.0,,
SP__LY__982.0__2023__3.0__87.0__8.0,LY__982.0__2023,,,,,,3.0,87.0,8.0,,,,n,Zero,Kvium,,300.0,,
SP__LY__1130.0__2023__1.0__24.0__2.0,LY__1130.0__2023,,,,,,1.0,24.0,2.0,,,,n,Half,Sheriff,,300.0,,
SP__LY__986.0__2023__1.0__24.0__2.0,LY__986.0__2023,,,,,,1.0,24.0,2.0,,,,n,Half,Sheriff,,300.0,,
SP__LY__990.0__2023__1.0__22.0__2.0,LY__990.0__2023,,,,,,1.0,22.0,2.0,,,,n,Half,Kvium,,300.0,,
SP__LY__994.0__2023__1.0__18.0__2.0,LY__994.0__2023,,,,,,1.0,18.0,2.0,,,,n,Half,Heerup,,300.0,,
SP__LY__998.0__2023__1.0__17.0__2.0,LY__998.0__2023,,,,,,1.0,17.0,2.0,,,,n,Half,Rembrandt,,300.0,,
SP__LY__950.0__2023__1.0__10.0__1.0,LY__950.0__2023,,,,,,1.0,10.0,1.0,,,,n,Normal,Rembrandt,,300.0,,
SP__LY__946.0__2023__1.0__9.0__1.0,LY__946.0__2023,,,,,,1.0,9.0,1.0,,,,n,Normal,Kvium,,300.0,,
SP__LY__942.0__2023__1.0__5.0__1.0,LY__942.0__2023,,,,,,1.0,5.0,1.0,,,,n,Normal,Sheriff,,300.0,,
SP__LY__938.0__2023__1.0__3.0__1.0,LY__938.0__2023,,,,,,1.0,3.0,1.0,,,,n,Normal,Heerup,,300.0,,
SP__LY__886.0__2023__3.0__107.0__9.0,LY__886.0__2023,,,,,,3.0,107.0,9.0,,,,n,Normal,Sheriff,,300.0,,
SP__LY__878.0__2023__3.0__100.0__9.0,LY__878.0__2023,,,,,,3.0,100.0,9.0,,,,n,Normal,Heerup,,300.0,,
SP__LY__874.0__2023__3.0__98.0__9.0,LY__874.0__2023,,,,,,3.0,98.0,9.0,,,,n,Normal,Rembrandt,,300.0,,
SP__LY__826.0__2023__3.0__91.0__8.0,LY__826.0__2023,,,,,,3.0,91.0,8.0,,,,n,Zero,Heerup,,300.0,,
SP__LY__830.0__2023__3.0__89.0__8.0,LY__830.0__2023,,,,,,3.0,89.0,8.0,,,,n,Zero,Sheriff,,300.0,,
SP__LY__834.0__2023__3.0__88.0__8.0,LY__834.0__2023,,,,,,3.0,88.0,8.0,,,,n,Zero,Rembrandt,,300.0,,
SP__LY__838.0__2023__3.0__87.0__8.0,LY__838.0__2023,,,,,,3.0,87.0,8.0,,,,n,Zero,Kvium,,300.0,,
SP__LY__822.0__2023__3.0__82.0__7.0,LY__822.0__2023,,,,,,3.0,82.0,7.0,,,,n,Half,Rembrandt,,300.0,,
SP__LY__818.0__2023__3.0__81.0__7.0,LY__818.0__2023,,,,,,3.0,81.0,7.0,,,,n,Half,Kvium,,300.0,,
SP__LY__902.0__2023__2.0__37.0__4.0,LY__902.0__2023,,,,,,2.0,37.0,4.0,,,,n,Half,Heerup,,300.0,,
SP__LY__442.0__2023__1.0__9.0__1.0,LY__442.0__2023,,,,,,1.0,9.0,1.0,,,,n,Normal,Kvium,,300.0,,
SP__LY__898.0__2023__2.0__38.0__4.0,LY__898.0__2023,,,,,,2.0,38.0,4.0,,,,n,Half,Sheriff,,300.0,,
SP__LY__894.0__2023__2.0__41.0__4.0,LY__894.0__2023,,,,,,2.0,41.0,4.0,,,,n,Half,Rembrandt,,300.0,,
SP__LY__890.0__2023__2.0__44.0__4.0,LY__890.0__2023,,,,,,2.0,44.0,4.0,,,,n,Half,Kvium,,300.0,,
SP__LY__906.0__2023__2.0__51.0__5.0,LY__906.0__2023,,,,,,2.0,51.0,5.0,,,,n,Zero,Heerup,,300.0,,
SP__LY__1002.0__2023__1.0__25.0__3.0,LY__1002.0__2023,,,,,,1.0,25.0,3.0,,,,n,Zero,Rembrandt,,300.0,,
SP__LY__910.0__2023__2.0__53.0__5.0,LY__910.0__2023,,,,,,2.0,53.0,5.0,,,,n,Zero,Sheriff,,300.0,,
SP__LY__918.0__2023__2.0__59.0__5.0,LY__918.0__2023,,,,,,2.0,59.0,5.0,,,,n,Zero,Kvium,,300.0,,
SP__LY__922.0__2023__2.0__61.0__6.0,LY__922.0__2023,,,,,,2.0,61.0,6.0,,,,n,Normal,Heerup,,300.0,,
SP__LY__930.0__2023__2.0__68.0__6.0,LY__930.0__2023,,,,,,2.0,68.0,6.0,,,,n,Normal,Sheriff,,300.0,,
SP__LY__934.0__2023__2.0__72.0__6.0,LY__934.0__2023,,,,,,2.0,72.0,6.0,,,,n,Normal,Rembrandt,,300.0,,
SP__LY__810.0__2023__3.0__75.0__7.0,LY__810.0__2023,,,,,,3.0,75.0,7.0,,,,n,Half,Sheriff,,300.0,,
SP__LY__814.0__2023__3.0__80.0__7.0,LY__814.0__2023,,,,,,3.0,80.0,7.0,,,,n,Half,Heerup,,300.0,,
SP__LY__914.0__2023__2.0__55.0__5.0,LY__914.0__2023,,,,,,2.0,55.0,5.0,,,,n,Zero,Rembrandt,,300.0,,
SP__LY__1006.0__2023__1.0__26.0__3.0,LY__1006.0__2023,,,,,,1.0,26.0,3.0,,,,n,Zero,Sheriff,,300.0,,
SP__LY__1010.0__2023__1.0__28.0__3.0,LY__1010.0__2023,,,,,,1.0,28.0,3.0,,,,n,Zero,Kvium,,300.0,,
SP__LY__1014.0__2023__1.0__35.0__3.0,LY__1014.0__2023,,,,,,1.0,35.0,3.0,,,,n,Zero,Heerup,,300.0,,
SP__LY__978.0__2023__3.0__88.0__8.0,LY__978.0__2023,,,,,,3.0,88.0,8.0,,,,n,Zero,Rembrandt,,300.0,,
SP__LY__974.0__2023__3.0__89.0__8.0,LY__974.0__2023,,,,,,3.0,89.0,8.0,,,,n,Zero,Sheriff,,300.0,,
SP__LY__970.0__2023__3.0__91.0__8.0,LY__970.0__2023,,,,,,3.0,91.0,8.0,,,,n,Zero,Heerup,,300.0,,
SP__LY__1018.0__2023__3.0__98.0__9.0,LY__1018.0__2023,,,,,,3.0,98.0,9.0,,,,n,Normal,Rembrandt,,300.0,,
SP__LY__1022.0__2023__3.0__100.0__9.0,LY__1022.0__2023,,,,,,3.0,100.0,9.0,,,,n,Normal,Heerup,,300.0,,
SP__LY__1026.0__2023__3.0__104.0__9.0,LY__1026.0__2023,,,,,,3.0,104.0,9.0,,,,n,Normal,Kvium,,300.0,,
SP__LY__966.0__2023__3.0__82.0__7.0,LY__966.0__2023,,,,,,3.0,82.0,7.0,,,,n,Half,Rembrandt,,300.0,,
SP__LY__1030.0__2023__3.0__107.0__9.0,LY__1030.0__2023,,,,,,3.0,107.0,9.0,,,,n,Normal,Sheriff,,300.0,,
SP__LY__1086.0__2023__1.0__5.0__1.0,LY__1086.0__2023,,,,,,1.0,5.0,1.0,,,,n,Normal,Sheriff,,300.0,,
SP__LY__1090.0__2023__1.0__9.0__1.0,LY__1090.0__2023,,,,,,1.0,9.0,1.0,,,,n,Normal,Kvium,,300.0,,
SP__LY__1094.0__2023__1.0__10.0__1.0,LY__1094.0__2023,,,,,,1.0,10.0,1.0,,,,n,Normal,Rembrandt,,300.0,,
SP__LY__1142.0__2023__1.0__17.0__2.0,LY__1142.0__2023,,,,,,1.0,17.0,2.0,,,,n,Half,Rembrandt,,300.0,,
SP__LY__1138.0__2023__1.0__18.0__2.0,LY__1138.0__2023,,,,,,1.0,18.0,2.0,,,,n,Half,Heerup,,300.0,,
SP__LY__1134.0__2023__1.0__22.0__2.0,LY__1134.0__2023,,,,,,1.0,22.0,2.0,,,,n,Half,Kvium,,300.0,,
SP__LY__1082.0__2023__1.0__3.0__1.0,LY__1082.0__2023,,,,,,1.0,3.0,1.0,,,,n,Normal,Heerup,,300.0,,
SP__LY__1150.0__2023__1.0__26.0__3.0,LY__1150.0__2023,,,,,,1.0,26.0,3.0,,,,n,Zero,Sheriff,,300.0,,
SP__LY__962.0__2023__3.0__81.0__7.0,LY__962.0__2023,,,,,,3.0,81.0,7.0,,,,n,Half,Kvium,,300.0,,
SP__LY__1046.0__2023__2.0__37.0__4.0,LY__1046.0__2023,,,,,,2.0,37.0,4.0,,,,n,Half,Heerup,,300.0,,
SP__LY__1042.0__2023__2.0__38.0__4.0,LY__1042.0__2023,,,,,,2.0,38.0,4.0,,,,n,Half,Sheriff,,300.0,,
SP__LY__1038.0__2023__2.0__41.0__4.0,LY__1038.0__2023,,,,,,2.0,41.0,4.0,,,,n,Half,Rembrandt,,300.0,,
SP__LY__870.0__2023__1.0__35.0__3.0,LY__870.0__2023,,,,,,1.0,35.0,3.0,,,,n,Zero,Heerup,,300.0,,
SP__LY__1034.0__2023__2.0__44.0__4.0,LY__1034.0__2023,,,,,,2.0,44.0,4.0,,,,n,Half,Kvium,,300.0,,
SP__LY__1054.0__2023__2.0__53.0__5.0,LY__1054.0__2023,,,,,,2.0,53.0,5.0,,,,n,Zero,Sheriff,,300.0,,
SP__LY__958.0__2023__3.0__80.0__7.0,LY__958.0__2023,,,,,,3.0,80.0,7.0,,,,n,Half,Heerup,,300.0,,
SP__LY__1058.0__2023__2.0__55.0__5.0,LY__1058.0__2023,,,,,,2.0,55.0,5.0,,,,n,Zero,Rembrandt,,300.0,,
SP__LY__1066.0__2023__2.0__61.0__6.0,LY__1066.0__2023,,,,,,2.0,61.0,6.0,,,,n,Normal,Heerup,,300.0,,
SP__LY__1070.0__2023__2.0__66.0__6.0,LY__1070.0__2023,,,,,,2.0,66.0,6.0,,,,n,Normal,Kvium,,300.0,,
SP__LY__1074.0__2023__2.0__68.0__6.0,LY__1074.0__2023,,,,,,2.0,68.0,6.0,,,,n,Normal,Sheriff,,300.0,,
SP__LY__1078.0__2023__2.0__72.0__6.0,LY__1078.0__2023,,,,,,2.0,72.0,6.0,,,,n,Normal,Rembrandt,,300.0,,
SP__LY__954.0__2023__3.0__75.0__7.0,LY__954.0__2023,,,,,,3.0,75.0,7.0,,,,n,Half,Sheriff,,300.0,,
SP__LY__1062.0__2023__2.0__59.0__5.0,LY__1062.0__2023,,,,,,2.0,59.0,5.0,,,,n,Zero,Kvium,,300.0,,
SP__LY__438.0__2023__1.0__5.0__1.0,LY__438.0__2023,,,,,,1.0,5.0,1.0,,,,n,Normal,Sheriff,,300.0,,
SP__LY__794.0__2023__1.0__3.0__1.0,LY__794.0__2023,,,,,,1.0,3.0,1.0,,,,n,Normal,Heerup,,300.0,,
SP__LY__605.0__2023__3.0__92.0__8.0,LY__605.0__2023,,,,,,3.0,92.0,8.0,,,,n,Zero,Rembrandt,,450.0,,
SP__LY__680.0__2023__2.0__68.0__8.0,LY__680.0__2023,,,,,,2.0,68.0,8.0,,,,n,Normal,Sheriff,,300.0,,
SP__LY__679.0__2023__2.0__67.0__7.0,LY__679.0__2023,,,,,,2.0,67.0,7.0,,,,n,Normal,Rembrandt,,150.0,,
SP__LY__678.0__2023__2.0__66.0__6.0,LY__678.0__2023,,,,,,2.0,66.0,6.0,,,,n,Normal,Kvium,,300.0,,
SP__LY__677.0__2023__2.0__65.0__5.0,LY__677.0__2023,,,,,,2.0,65.0,5.0,,,,n,Normal,Rembrandt,,450.0,,
SP__LY__676.0__2023__2.0__64.0__4.0,LY__676.0__2023,,,,,,2.0,64.0,4.0,,,,n,Normal,Heerup,,450.0,,
SP__LY__675.0__2023__2.0__63.0__3.0,LY__675.0__2023,,,,,,2.0,63.0,3.0,,,,n,Normal,Sheriff,,150.0,,
SP__LY__674.0__2023__2.0__62.0__2.0,LY__674.0__2023,,,,,,2.0,62.0,2.0,,,,n,Normal,Kvium,,150.0,,
SP__LY__673.0__2023__2.0__61.0__1.0,LY__673.0__2023,,,,,,2.0,61.0,1.0,,,,n,Normal,Heerup,,300.0,,
SP__LY__672.0__2023__2.0__60.0__12.0,LY__672.0__2023,,,,,,2.0,60.0,12.0,,,,n,Zero,Rembrandt,,450.0,,
SP__LY__671.0__2023__2.0__59.0__11.0,LY__671.0__2023,,,,,,2.0,59.0,11.0,,,,n,Zero,Kvium,,300.0,,
SP__LY__670.0__2023__2.0__58.0__10.0,LY__670.0__2023,,,,,,2.0,58.0,10.0,,,,n,Zero,Kvium,,150.0,,
SP__LY__669.0__2023__2.0__57.0__9.0,LY__669.0__2023,,,,,,2.0,57.0,9.0,,,,n,Zero,Rembrandt,,150.0,,
SP__LY__668.0__2023__2.0__56.0__8.0,LY__668.0__2023,,,,,,2.0,56.0,8.0,,,,n,Zero,Heerup,,150.0,,
SP__LY__667.0__2023__2.0__55.0__7.0,LY__667.0__2023,,,,,,2.0,55.0,7.0,,,,n,Zero,Rembrandt,,300.0,,
SP__LY__666.0__2023__2.0__54.0__6.0,LY__666.0__2023,,,,,,2.0,54.0,6.0,,,,n,Zero,Sheriff,,150.0,,
SP__LY__665.0__2023__2.0__53.0__5.0,LY__665.0__2023,,,,,,2.0,53.0,5.0,,,,n,Zero,Sheriff,,300.0,,
SP__LY__664.0__2023__2.0__52.0__4.0,LY__664.0__2023,,,,,,2.0,52.0,4.0,,,,n,Zero,Heerup,,450.0,,
SP__LY__663.0__2023__2.0__51.0__3.0,LY__663.0__2023,,,,,,2.0,51.0,3.0,,,,n,Zero,Heerup,,300.0,,
SP__LY__662.0__2023__2.0__50.0__2.0,LY__662.0__2023,,,,,,2.0,50.0,2.0,,,,n,Zero,Kvium,,450.0,,
SP__LY__681.0__2023__2.0__69.0__9.0,LY__681.0__2023,,,,,,2.0,69.0,9.0,,,,n,Normal,Heerup,,150.0,,
SP__LY__682.0__2023__2.0__70.0__10.0,LY__682.0__2023,,,,,,2.0,70.0,10.0,,,,n,Normal,Kvium,,450.0,,
SP__LY__684.0__2023__2.0__72.0__12.0,LY__684.0__2023,,,,,,2.0,72.0,12.0,,,,n,Normal,Rembrandt,,300.0,,
SP__LY__606.0__2023__3.0__91.0__7.0,LY__606.0__2023,,,,,,3.0,91.0,7.0,,,,n,Zero,Heerup,,300.0,,
SP__LY__607.0__2023__3.0__90.0__6.0,LY__607.0__2023,,,,,,3.0,90.0,6.0,,,,n,Zero,Kvium,,450.0,,
SP__LY__608.0__2023__3.0__89.0__5.0,LY__608.0__2023,,,,,,3.0,89.0,5.0,,,,n,Zero,Sheriff,,300.0,,
SP__LY__609.0__2023__3.0__88.0__4.0,LY__609.0__2023,,,,,,3.0,88.0,4.0,,,,n,Zero,Rembrandt,,300.0,,
SP__LY__610.0__2023__3.0__87.0__3.0,LY__610.0__2023,,,,,,3.0,87.0,3.0,,,,n,Zero,Kvium,,300.0,,
SP__LY__611.0__2023__3.0__86.0__2.0,LY__611.0__2023,,,,,,3.0,86.0,2.0,,,,n,Zero,Heerup,,450.0,,
SP__LY__612.0__2023__3.0__85.0__1.0,LY__612.0__2023,,,,,,3.0,85.0,1.0,,,,n,Zero,Rembrandt,,150.0,,
SP__LY__600.0__2023__3.0__84.0__12.0,LY__600.0__2023,,,,,,3.0,84.0,12.0,,,,n,Half,Kvium,,450.0,,
SP__LY__599.0__2023__3.0__83.0__11.0,LY__599.0__2023,,,,,,3.0,83.0,11.0,,,,n,Half,Sheriff,,150.0,,
SP__LY__598.0__2023__3.0__82.0__10.0,LY__598.0__2023,,,,,,3.0,82.0,10.0,,,,n,Half,Rembrandt,,300.0,,
SP__LY__597.0__2023__3.0__81.0__9.0,LY__597.0__2023,,,,,,3.0,81.0,9.0,,,,n,Half,Kvium,,300.0,,
SP__LY__596.0__2023__3.0__80.0__8.0,LY__596.0__2023,,,,,,3.0,80.0,8.0,,,,n,Half,Heerup,,300.0,,
SP__LY__595.0__2023__3.0__79.0__7.0,LY__595.0__2023,,,,,,3.0,79.0,7.0,,,,n,Half,Sheriff,,450.0,,
SP__LY__594.0__2023__3.0__78.0__6.0,LY__594.0__2023,,,,,,3.0,78.0,6.0,,,,n,Half,Rembrandt,,150.0,,
SP__LY__593.0__2023__3.0__77.0__5.0,LY__593.0__2023,,,,,,3.0,77.0,5.0,,,,n,Half,Rembrandt,,450.0,,
SP__LY__592.0__2023__3.0__76.0__4.0,LY__592.0__2023,,,,,,3.0,76.0,4.0,,,,n,Half,Heerup,,150.0,,
SP__LY__591.0__2023__3.0__75.0__3.0,LY__591.0__2023,,,,,,3.0,75.0,3.0,,,,n,Half,Sheriff,,300.0,,
SP__LY__590.0__2023__3.0__74.0__2.0,LY__590.0__2023,,,,,,3.0,74.0,2.0,,,,n,Half,Heerup,,450.0,,
SP__LY__589.0__2023__3.0__73.0__1.0,LY__589.0__2023,,,,,,3.0,73.0,1.0,,,,n,Half,Kvium,,150.0,,
SP__LY__661.0__2023__2.0__49.0__1.0,LY__661.0__2023,,,,,,2.0,49.0,1.0,,,,n,Zero,Sheriff,,450.0,,
SP__LY__683.0__2023__2.0__71.0__11.0,LY__683.0__2023,,,,,,2.0,71.0,11.0,,,,n,Normal,Sheriff,,450.0,,
SP__LY__660.0__2023__2.0__48.0__12.0,LY__660.0__2023,,,,,,2.0,48.0,12.0,,,,n,Half,Sheriff,,150.0,,
SP__LY__658.0__2023__2.0__46.0__10.0,LY__658.0__2023,,,,,,2.0,46.0,10.0,,,,n,Half,Kvium,,150.0,,
SP__LY__616.0__2023__1.0__21.0__9.0,LY__616.0__2023,,,,,,1.0,21.0,9.0,,,,n,Half,Rembrandt,,150.0,,
SP__LY__617.0__2023__1.0__20.0__8.0,LY__617.0__2023,,,,,,1.0,20.0,8.0,,,,n,Half,Heerup,,150.0,,
SP__LY__618.0__2023__1.0__19.0__7.0,LY__618.0__2023,,,,,,1.0,19.0,7.0,,,,n,Half,Rembrandt,,450.0,,
SP__LY__619.0__2023__1.0__18.0__6.0,LY__619.0__2023,,,,,,1.0,18.0,6.0,,,,n,Half,Heerup,,300.0,,
SP__LY__620.0__2023__1.0__17.0__5.0,LY__620.0__2023,,,,,,1.0,17.0,5.0,,,,n,Half,Rembrandt,,300.0,,
SP__LY__621.0__2023__1.0__16.0__4.0,LY__621.0__2023,,,,,,1.0,16.0,4.0,,,,n,Half,Sheriff,,450.0,,
SP__LY__622.0__2023__1.0__15.0__3.0,LY__622.0__2023,,,,,,1.0,15.0,3.0,,,,n,Half,Kvium,,150.0,,
SP__LY__623.0__2023__1.0__14.0__2.0,LY__623.0__2023,,,,,,1.0,14.0,2.0,,,,n,Half,Sheriff,,150.0,,
SP__LY__624.0__2023__1.0__13.0__1.0,LY__624.0__2023,,,,,,1.0,13.0,1.0,,,,n,Half,Kvium,,450.0,,
SP__LY__615.0__2023__1.0__22.0__10.0,LY__615.0__2023,,,,,,1.0,22.0,10.0,,,,n,Half,Kvium,,300.0,,
SP__LY__588.0__2023__1.0__12.0__12.0,LY__588.0__2023,,,,,,1.0,12.0,12.0,,,,n,Normal,Sheriff,,450.0,,
SP__LY__586.0__2023__1.0__10.0__10.0,LY__586.0__2023,,,,,,1.0,10.0,10.0,,,,n,Normal,Rembrandt,,300.0,,
SP__LY__585.0__2023__1.0__9.0__9.0,LY__585.0__2023,,,,,,1.0,9.0,9.0,,,,n,Normal,Kvium,,300.0,,
SP__LY__584.0__2023__1.0__8.0__8.0,LY__584.0__2023,,,,,,1.0,8.0,8.0,,,,n,Normal,Rembrandt,,150.0,,
SP__LY__583.0__2023__1.0__7.0__7.0,LY__583.0__2023,,,,,,1.0,7.0,7.0,,,,n,Normal,Kvium,,450.0,,
SP__LY__582.0__2023__1.0__6.0__6.0,LY__582.0__2023,,,,,,1.0,6.0,6.0,,,,n,Normal,Kvium,,150.0,,
SP__LY__581.0__2023__1.0__5.0__5.0,LY__581.0__2023,,,,,,1.0,5.0,5.0,,,,n,Normal,Sheriff,,300.0,,
SP__LY__580.0__2023__1.0__4.0__4.0,LY__580.0__2023,,,,,,1.0,4.0,4.0,,,,n,Normal,Sheriff,,150.0,,
SP__LY__579.0__2023__1.0__3.0__3.0,LY__579.0__2023,,,,,,1.0,3.0,3.0,,,,n,Normal,Heerup,,300.0,,
SP__LY__578.0__2023__1.0__2.0__2.0,LY__578.0__2023,,,,,,1.0,2.0,2.0,,,,n,Normal,Heerup,,450.0,,
SP__LY__587.0__2023__1.0__11.0__11.0,LY__587.0__2023,,,,,,1.0,11.0,11.0,,,,n,Normal,Rembrandt,,450.0,,
SP__LY__659.0__2023__2.0__47.0__11.0,LY__659.0__2023,,,,,,2.0,47.0,11.0,,,,n,Half,Rembrandt,,150.0,,
SP__LY__614.0__2023__1.0__23.0__11.0,LY__614.0__2023,,,,,,1.0,23.0,11.0,,,,n,Half,Heerup,,450.0,,
SP__LY__625.0__2023__1.0__25.0__1.0,LY__625.0__2023,,,,,,1.0,25.0,1.0,,,,n,Zero,Rembrandt,,300.0,,
SP__LY__657.0__2023__2.0__45.0__9.0,LY__657.0__2023,,,,,,2.0,45.0,9.0,,,,n,Half,Rembrandt,,450.0,,
SP__LY__656.0__2023__2.0__44.0__8.0,LY__656.0__2023,,,,,,2.0,44.0,8.0,,,,n,Half,Kvium,,300.0,,
SP__LY__655.0__2023__2.0__43.0__7.0,LY__655.0__2023,,,,,,2.0,43.0,7.0,,,,n,Half,Heerup,,450.0,,
SP__LY__654.0__2023__2.0__42.0__6.0,LY__654.0__2023,,,,,,2.0,42.0,6.0,,,,n,Half,Heerup,,150.0,,
SP__LY__653.0__2023__2.0__41.0__5.0,LY__653.0__2023,,,,,,2.0,41.0,5.0,,,,n,Half,Rembrandt,,300.0,,
SP__LY__652.0__2023__2.0__40.0__4.0,LY__652.0__2023,,,,,,2.0,40.0,4.0,,,,n,Half,Sheriff,,450.0,,
SP__LY__651.0__2023__2.0__39.0__3.0,LY__651.0__2023,,,,,,2.0,39.0,3.0,,,,n,Half,Kvium,,450.0,,
SP__LY__650.0__2023__2.0__38.0__2.0,LY__650.0__2023,,,,,,2.0,38.0,2.0,,,,n,Half,Sheriff,,300.0,,
SP__LY__649.0__2023__2.0__37.0__1.0,LY__649.0__2023,,,,,,2.0,37.0,1.0,,,,n,Half,Heerup,,300.0,,
SP__LY__613.0__2023__1.0__24.0__12.0,LY__613.0__2023,,,,,,1.0,24.0,12.0,,,,n,Half,Sheriff,,300.0,,
SP__LY__636.0__2023__1.0__36.0__12.0,LY__636.0__2023,,,,,,1.0,36.0,12.0,,,,n,Zero,Kvium,,450.0,,
SP__LY__634.0__2023__1.0__34.0__10.0,LY__634.0__2023,,,,,,1.0,34.0,10.0,,,,n,Zero,Rembrandt,,450.0,,
SP__LY__633.0__2023__1.0__33.0__9.0,LY__633.0__2023,,,,,,1.0,33.0,9.0,,,,n,Zero,Heerup,,450.0,,
SP__LY__632.0__2023__1.0__32.0__8.0,LY__632.0__2023,,,,,,1.0,32.0,8.0,,,,n,Zero,Heerup,,150.0,,
SP__LY__631.0__2023__1.0__31.0__7.0,LY__631.0__2023,,,,,,1.0,31.0,7.0,,,,n,Zero,Sheriff,,150.0,,
SP__LY__630.0__2023__1.0__30.0__6.0,LY__630.0__2023,,,,,,1.0,30.0,6.0,,,,n,Zero,Kvium,,150.0,,
SP__LY__629.0__2023__1.0__29.0__5.0,LY__629.0__2023,,,,,,1.0,29.0,5.0,,,,n,Zero,Sheriff,,450.0,,
SP__LY__628.0__2023__1.0__28.0__4.0,LY__628.0__2023,,,,,,1.0,28.0,4.0,,,,n,Zero,Kvium,,300.0,,
SP__LY__627.0__2023__1.0__27.0__3.0,LY__627.0__2023,,,,,,1.0,27.0,3.0,,,,n,Zero,Rembrandt,,150.0,,
SP__LY__626.0__2023__1.0__26.0__2.0,LY__626.0__2023,,,,,,1.0,26.0,2.0,,,,n,Zero,Sheriff,,300.0,,
SP__LY__635.0__2023__1.0__35.0__11.0,LY__635.0__2023,,,,,,1.0,35.0,11.0,,,,n,Zero,Heerup,,300.0,,
SP__LY__286.0__2023__2.0__72.0__6.0,LY__286.0__2023,,,,,,2.0,72.0,6.0,,,,n,Normal,Rembrandt,,300.0,,
SP__LY__37.0__2023__1.0__3.0__1.0,LY__37.0__2023,,,,,,1.0,3.0,1.0,,,,n,Normal,Heerup,,300.0,,
SP__LY__386.0__2023__2.0__44.0__4.0,LY__386.0__2023,,,,,,2.0,44.0,4.0,,,,n,Half,Kvium,,300.0,,
SP__LY__402.0__2023__2.0__51.0__5.0,LY__402.0__2023,,,,,,2.0,51.0,5.0,,,,n,Zero,Heerup,,300.0,,
SP__LY__406.0__2023__2.0__53.0__5.0,LY__406.0__2023,,,,,,2.0,53.0,5.0,,,,n,Zero,Sheriff,,300.0,,
SP__LY__410.0__2023__2.0__55.0__5.0,LY__410.0__2023,,,,,,2.0,55.0,5.0,,,,n,Zero,Rembrandt,,300.0,,
SP__LY__414.0__2023__2.0__59.0__5.0,LY__414.0__2023,,,,,,2.0,59.0,5.0,,,,n,Zero,Kvium,,300.0,,
SP__LY__418.0__2023__2.0__61.0__6.0,LY__418.0__2023,,,,,,2.0,61.0,6.0,,,,n,Normal,Heerup,,300.0,,
SP__LY__422.0__2023__2.0__66.0__6.0,LY__422.0__2023,,,,,,2.0,66.0,6.0,,,,n,Normal,Kvium,,300.0,,
SP__LY__426.0__2023__2.0__68.0__6.0,LY__426.0__2023,,,,,,2.0,68.0,6.0,,,,n,Normal,Sheriff,,300.0,,
SP__LY__430.0__2023__2.0__72.0__6.0,LY__430.0__2023,,,,,,2.0,72.0,6.0,,,,n,Normal,Rembrandt,,300.0,,
SP__LY__306.0__2023__3.0__75.0__7.0,LY__306.0__2023,,,,,,3.0,75.0,7.0,,,,n,Half,Sheriff,,300.0,,
SP__LY__310.0__2023__3.0__80.0__7.0,LY__310.0__2023,,,,,,3.0,80.0,7.0,,,,n,Half,Heerup,,300.0,,
SP__LY__314.0__2023__3.0__81.0__7.0,LY__314.0__2023,,,,,,3.0,81.0,7.0,,,,n,Half,Kvium,,300.0,,
SP__LY__318.0__2023__3.0__82.0__7.0,LY__318.0__2023,,,,,,3.0,82.0,7.0,,,,n,Half,Rembrandt,,300.0,,
SP__LY__334.0__2023__3.0__87.0__8.0,LY__334.0__2023,,,,,,3.0,87.0,8.0,,,,n,Zero,Kvium,,300.0,,
SP__LY__330.0__2023__3.0__88.0__8.0,LY__330.0__2023,,,,,,3.0,88.0,8.0,,,,n,Zero,Rembrandt,,300.0,,
SP__LY__326.0__2023__3.0__89.0__8.0,LY__326.0__2023,,,,,,3.0,89.0,8.0,,,,n,Zero,Sheriff,,300.0,,
SP__LY__322.0__2023__3.0__91.0__8.0,LY__322.0__2023,,,,,,3.0,91.0,8.0,,,,n,Zero,Heerup,,300.0,,
SP__LY__370.0__2023__3.0__98.0__9.0,LY__370.0__2023,,,,,,3.0,98.0,9.0,,,,n,Normal,Rembrandt,,300.0,,
SP__LY__374.0__2023__3.0__100.0__9.0,LY__374.0__2023,,,,,,3.0,100.0,9.0,,,,n,Normal,Heerup,,300.0,,
SP__LY__390.0__2023__2.0__41.0__4.0,LY__390.0__2023,,,,,,2.0,41.0,4.0,,,,n,Half,Rembrandt,,300.0,,
SP__LY__394.0__2023__2.0__38.0__4.0,LY__394.0__2023,,,,,,2.0,38.0,4.0,,,,n,Half,Sheriff,,300.0,,
SP__LY__398.0__2023__2.0__37.0__4.0,LY__398.0__2023,,,,,,2.0,37.0,4.0,,,,n,Half,Heerup,,300.0,,
SP__LY__366.0__2023__1.0__35.0__3.0,LY__366.0__2023,,,,,,1.0,35.0,3.0,,,,n,Zero,Heerup,,300.0,,
SP__LY__166.0__2023__3.0__80.0__7.0,LY__166.0__2023,,,,,,3.0,80.0,7.0,,,,n,Half,Heerup,,300.0,,
SP__LY__170.0__2023__3.0__81.0__7.0,LY__170.0__2023,,,,,,3.0,81.0,7.0,,,,n,Half,Kvium,,300.0,,
SP__LY__174.0__2023__3.0__82.0__7.0,LY__174.0__2023,,,,,,3.0,82.0,7.0,,,,n,Half,Rembrandt,,300.0,,
SP__LY__190.0__2023__3.0__87.0__8.0,LY__190.0__2023,,,,,,3.0,87.0,8.0,,,,n,Zero,Kvium,,300.0,,
SP__LY__182.0__2023__3.0__89.0__8.0,LY__182.0__2023,,,,,,3.0,89.0,8.0,,,,n,Zero,Sheriff,,300.0,,
SP__LY__178.0__2023__3.0__91.0__8.0,LY__178.0__2023,,,,,,3.0,91.0,8.0,,,,n,Zero,Heerup,,300.0,,
SP__LY__226.0__2023__3.0__98.0__9.0,LY__226.0__2023,,,,,,3.0,98.0,9.0,,,,n,Normal,Rembrandt,,300.0,,
SP__LY__230.0__2023__3.0__100.0__9.0,LY__230.0__2023,,,,,,3.0,100.0,9.0,,,,n,Normal,Heerup,,300.0,,
SP__LY__234.0__2023__3.0__104.0__9.0,LY__234.0__2023,,,,,,3.0,104.0,9.0,,,,n,Normal,Kvium,,300.0,,
SP__LY__378.0__2023__3.0__104.0__9.0,LY__378.0__2023,,,,,,3.0,104.0,9.0,,,,n,Normal,Kvium,,300.0,,
SP__LY__238.0__2023__3.0__107.0__9.0,LY__238.0__2023,,,,,,3.0,107.0,9.0,,,,n,Normal,Sheriff,,300.0,,
SP__LY__294.0__2023__1.0__5.0__1.0,LY__294.0__2023,,,,,,1.0,5.0,1.0,,,,n,Normal,Sheriff,,300.0,,
SP__LY__298.0__2023__1.0__9.0__1.0,LY__298.0__2023,,,,,,1.0,9.0,1.0,,,,n,Normal,Kvium,,300.0,,
SP__LY__350.0__2023__1.0__17.0__2.0,LY__350.0__2023,,,,,,1.0,17.0,2.0,,,,n,Half,Rembrandt,,300.0,,
SP__LY__346.0__2023__1.0__18.0__2.0,LY__346.0__2023,,,,,,1.0,18.0,2.0,,,,n,Half,Heerup,,300.0,,
SP__LY__342.0__2023__1.0__22.0__2.0,LY__342.0__2023,,,,,,1.0,22.0,2.0,,,,n,Half,Kvium,,300.0,,
SP__LY__338.0__2023__1.0__24.0__2.0,LY__338.0__2023,,,,,,1.0,24.0,2.0,,,,n,Half,Sheriff,,300.0,,
SP__LY__354.0__2023__1.0__25.0__3.0,LY__354.0__2023,,,,,,1.0,25.0,3.0,,,,n,Zero,Rembrandt,,300.0,,
SP__LY__358.0__2023__1.0__26.0__3.0,LY__358.0__2023,,,,,,1.0,26.0,3.0,,,,n,Zero,Sheriff,,300.0,,
SP__LY__362.0__2023__1.0__28.0__3.0,LY__362.0__2023,,,,,,1.0,28.0,3.0,,,,n,Zero,Kvium,,300.0,,
SP__LY__290.0__2023__1.0__3.0__1.0,LY__290.0__2023,,,,,,1.0,3.0,1.0,,,,n,Normal,Heerup,,300.0,,
SP__LY__382.0__2023__3.0__107.0__9.0,LY__382.0__2023,,,,,,3.0,107.0,9.0,,,,n,Normal,Sheriff,,300.0,,
SP__LY__434.0__2023__1.0__3.0__1.0,LY__434.0__2023,,,,,,1.0,3.0,1.0,,,,n,Normal,Heerup,,300.0,,
SP__LY__70.0__2023__3.0__100.0__9.0,LY__70.0__2023,,,,,,3.0,100.0,9.0,,,,n,Normal,Heerup,,300.0,,
SP__LY__69.0__2023__3.0__98.0__9.0,LY__69.0__2023,,,,,,3.0,98.0,9.0,,,,n,Normal,Rembrandt,,300.0,,
SP__LY__68.0__2023__3.0__91.0__8.0,LY__68.0__2023,,,,,,3.0,91.0,8.0,,,,n,Zero,Heerup,,300.0,,
SP__LY__67.0__2023__3.0__89.0__8.0,LY__67.0__2023,,,,,,3.0,89.0,8.0,,,,n,Zero,Sheriff,,300.0,,
SP__LY__66.0__2023__3.0__88.0__8.0,LY__66.0__2023,,,,,,3.0,88.0,8.0,,,,n,Zero,Rembrandt,,300.0,,
SP__LY__60.0__2023__2.0__72.0__6.0,LY__60.0__2023,,,,,,2.0,72.0,6.0,,,,n,Normal,Rembrandt,,300.0,,
SP__LY__59.0__2023__2.0__68.0__6.0,LY__59.0__2023,,,,,,2.0,68.0,6.0,,,,n,Normal,Sheriff,,300.0,,
SP__LY__58.0__2023__2.0__66.0__6.0,LY__58.0__2023,,,,,,2.0,66.0,6.0,,,,n,Normal,Kvium,,300.0,,
SP__LY__57.0__2023__2.0__61.0__6.0,LY__57.0__2023,,,,,,2.0,61.0,6.0,,,,n,Normal,Heerup,,300.0,,
SP__LY__71.0__2023__3.0__104.0__9.0,LY__71.0__2023,,,,,,3.0,104.0,9.0,,,,n,Normal,Kvium,,300.0,,
SP__LY__56.0__2023__2.0__59.0__5.0,LY__56.0__2023,,,,,,2.0,59.0,5.0,,,,n,Zero,Kvium,,300.0,,
SP__LY__54.0__2023__2.0__53.0__5.0,LY__54.0__2023,,,,,,2.0,53.0,5.0,,,,n,Zero,Sheriff,,300.0,,
SP__LY__53.0__2023__2.0__51.0__5.0,LY__53.0__2023,,,,,,2.0,51.0,5.0,,,,n,Zero,Heerup,,300.0,,
SP__LY__48.0__2023__1.0__35.0__3.0,LY__48.0__2023,,,,,,1.0,35.0,3.0,,,,n,Zero,Heerup,,300.0,,
SP__LY__47.0__2023__1.0__28.0__3.0,LY__47.0__2023,,,,,,1.0,28.0,3.0,,,,n,Zero,Kvium,,300.0,,
SP__LY__46.0__2023__1.0__26.0__3.0,LY__46.0__2023,,,,,,1.0,26.0,3.0,,,,n,Zero,Sheriff,,300.0,,
SP__LY__45.0__2023__1.0__25.0__3.0,LY__45.0__2023,,,,,,1.0,25.0,3.0,,,,n,Zero,Rembrandt,,300.0,,
SP__LY__40.0__2023__1.0__10.0__1.0,LY__40.0__2023,,,,,,1.0,10.0,1.0,,,,n,Normal,Rembrandt,,300.0,,
SP__LY__39.0__2023__1.0__9.0__1.0,LY__39.0__2023,,,,,,1.0,9.0,1.0,,,,n,Normal,Kvium,,300.0,,
SP__LY__38.0__2023__1.0__5.0__1.0,LY__38.0__2023,,,,,,1.0,5.0,1.0,,,,n,Normal,Sheriff,,300.0,,
SP__LY__55.0__2023__2.0__55.0__5.0,LY__55.0__2023,,,,,,2.0,55.0,5.0,,,,n,Zero,Rembrandt,,300.0,,
SP__LY__282.0__2023__2.0__68.0__6.0,LY__282.0__2023,,,,,,2.0,68.0,6.0,,,,n,Normal,Sheriff,,300.0,,
SP__LY__72.0__2023__3.0__107.0__9.0,LY__72.0__2023,,,,,,3.0,107.0,9.0,,,,n,Normal,Sheriff,,300.0,,
SP__LY__150.0__2023__1.0__5.0__1.0,LY__150.0__2023,,,,,,1.0,5.0,1.0,,,,n,Normal,Sheriff,,300.0,,
SP__LY__278.0__2023__2.0__66.0__6.0,LY__278.0__2023,,,,,,2.0,66.0,6.0,,,,n,Normal,Kvium,,300.0,,
SP__LY__274.0__2023__2.0__61.0__6.0,LY__274.0__2023,,,,,,2.0,61.0,6.0,,,,n,Normal,Heerup,,300.0,,
SP__LY__270.0__2023__2.0__59.0__5.0,LY__270.0__2023,,,,,,2.0,59.0,5.0,,,,n,Zero,Kvium,,300.0,,
SP__LY__266.0__2023__2.0__55.0__5.0,LY__266.0__2023,,,,,,2.0,55.0,5.0,,,,n,Zero,Rembrandt,,300.0,,
SP__LY__262.0__2023__2.0__53.0__5.0,LY__262.0__2023,,,,,,2.0,53.0,5.0,,,,n,Zero,Sheriff,,300.0,,
SP__LY__258.0__2023__2.0__51.0__5.0,LY__258.0__2023,,,,,,2.0,51.0,5.0,,,,n,Zero,Heerup,,300.0,,
SP__LY__242.0__2023__2.0__44.0__4.0,LY__242.0__2023,,,,,,2.0,44.0,4.0,,,,n,Half,Kvium,,300.0,,
SP__LY__246.0__2023__2.0__41.0__4.0,LY__246.0__2023,,,,,,2.0,41.0,4.0,,,,n,Half,Rembrandt,,300.0,,
SP__LY__146.0__2023__1.0__3.0__1.0,LY__146.0__2023,,,,,,1.0,3.0,1.0,,,,n,Normal,Heerup,,300.0,,
SP__LY__250.0__2023__2.0__38.0__4.0,LY__250.0__2023,,,,,,2.0,38.0,4.0,,,,n,Half,Sheriff,,300.0,,
SP__LY__222.0__2023__1.0__35.0__3.0,LY__222.0__2023,,,,,,1.0,35.0,3.0,,,,n,Zero,Heerup,,300.0,,
SP__LY__218.0__2023__1.0__28.0__3.0,LY__218.0__2023,,,,,,1.0,28.0,3.0,,,,n,Zero,Kvium,,300.0,,
SP__LY__214.0__2023__1.0__26.0__3.0,LY__214.0__2023,,,,,,1.0,26.0,3.0,,,,n,Zero,Sheriff,,300.0,,
SP__LY__210.0__2023__1.0__25.0__3.0,LY__210.0__2023,,,,,,1.0,25.0,3.0,,,,n,Zero,Rembrandt,,300.0,,
SP__LY__194.0__2023__1.0__24.0__2.0,LY__194.0__2023,,,,,,1.0,24.0,2.0,,,,n,Half,Sheriff,,300.0,,
SP__LY__198.0__2023__1.0__22.0__2.0,LY__198.0__2023,,,,,,1.0,22.0,2.0,,,,n,Half,Kvium,,300.0,,
SP__LY__206.0__2023__1.0__17.0__2.0,LY__206.0__2023,,,,,,1.0,17.0,2.0,,,,n,Half,Rembrandt,,300.0,,
SP__LY__158.0__2023__1.0__10.0__1.0,LY__158.0__2023,,,,,,1.0,10.0,1.0,,,,n,Normal,Rembrandt,,300.0,,
SP__LY__154.0__2023__1.0__9.0__1.0,LY__154.0__2023,,,,,,1.0,9.0,1.0,,,,n,Normal,Kvium,,300.0,,
SP__LY__254.0__2023__2.0__37.0__4.0,LY__254.0__2023,,,,,,2.0,37.0,4.0,,,,n,Half,Heerup,,300.0,,
SP__LY__577.0__2023__1.0__1.0__1.0,LY__577.0__2023,,,,,,1.0,1.0,1.0,,,,n,Normal,Heerup,,150.0,,
SP__LY__2023__UNKNOWN,LY__2023,,,,,,,,,,,,,,,,,,
SP__LY__2023__UNKNOWN,LY__2023,,,,,,,,,,,,,,,,300.0,,
SP__LY__2023__2.0__61__6.0,LY__2023,,,,,,2.0,61,6.0,,1.0,1.0,,Normal,heerup,,300.0,,Normal
SP__LY__2023__2.0__59__5.0,LY__2023,,,,,,2.0,59,5.0,,2.0,11.0,,Zero,kvium,,300.0,,Zero
SP__LY__2023__2.0__55__5.0,LY__2023,,,,,,2.0,55,5.0,,2.0,7.0,,Zero,rembrandt,,300.0,,Zero
SP__LY__2023__2.0__53__5.0,LY__2023,,,,,,2.0,53,5.0,,2.0,5.0,,Zero,sheriff,,300.0,,Zero
SP__LY__2023__2.0__51__5.0,LY__2023,,,,,,2.0,51,5.0,,2.0,3.0,,Zero,heerup,,300.0,,Zero
SP__LY__2023__2.0__44__4.0,LY__2023,,,,,,2.0,44,4.0,,3.0,8.0,,Half,kvium,,300.0,,Half
SP__LY__2023__2.0__66__6.0,LY__2023,,,,,,2.0,66,6.0,,1.0,6.0,,Normal,kvium,,300.0,,Normal
SP__LY__2023__2.0__41__4.0,LY__2023,,,,,,2.0,41,4.0,,3.0,5.0,,Half,rembrandt,,300.0,,Half
SP__LY__2023__2.0__37__4.0,LY__2023,,,,,,2.0,37,4.0,,3.0,1.0,,Half,heerup,,300.0,,Half
SP__LY__2023__1.0__35__3.0,LY__2023,,,,,,1.0,35,3.0,,4.0,11.0,,Zero,heerup,,300.0,,Zero
SP__LY__2023__1.0__28__3.0,LY__2023,,,,,,1.0,28,3.0,,4.0,4.0,,Zero,kvium,,300.0,,Zero
SP__LY__2023__1.0__26__3.0,LY__2023,,,,,,1.0,26,3.0,,4.0,2.0,,Zero,sheriff,,300.0,,Zero
SP__LY__2023__1.0__25__3.0,LY__2023,,,,,,1.0,25,3.0,,4.0,1.0,,Zero,rembrandt,,300.0,,Zero
SP__LY__2023__1.0__24__2.0,LY__2023,,,,,,1.0,24,2.0,,5.0,12.0,,Half,sheriff,,300.0,,Half
SP__LY__2023__2.0__38__4.0,LY__2023,,,,,,2.0,38,4.0,,3.0,2.0,,Half,sheriff,,300.0,,Half
SP__LY__2023__1.0__22__2.0,LY__2023,,,,,,1.0,22,2.0,,5.0,10.0,,Half,kvium,,300.0,,Half
SP__LY__2023__3.0__75__7.0,LY__2023,,,,,,3.0,75,7.0,,6.0,15.0,,Half,sheriff,,300.0,,Half
SP__LY__2023__1.0__9__1.0,LY__2023,,,,,,1.0,9,1.0,,6.0,9.0,,Normal,kvium,,300.0,,Normal
SP__LY__2023__1.0__5__1.0,LY__2023,,,,,,1.0,5,1.0,,6.0,5.0,,Normal,sheriff,,300.0,,Normal
SP__LY__2023__1.0__3__1.0,LY__2023,,,,,,1.0,3,1.0,,6.0,3.0,,Normal,heerup,,300.0,,Normal
SP__LY__2023__3.0__107__9.0,LY__2023,,,,,,3.0,107,9.0,,4.0,23.0,,Normal,sheriff,,300.0,,Normal
SP__LY__2023__3.0__104__9.0,LY__2023,,,,,,3.0,104,9.0,,4.0,20.0,,Normal,kvium,,300.0,,Normal
SP__LY__2023__3.0__100__9.0,LY__2023,,,,,,3.0,100,9.0,,4.0,16.0,,Normal,heerup,,300.0,,Normal
SP__LY__2023__2.0__72__6.0,LY__2023,,,,,,2.0,72,6.0,,1.0,12.0,,Normal,rembrandt,,300.0,,Normal
SP__LY__2023__3.0__98__9.0,LY__2023,,,,,,3.0,98,9.0,,4.0,14.0,,Normal,rembrandt,,300.0,,Normal
SP__LY__2023__3.0__89__8.0,LY__2023,,,,,,3.0,89,8.0,,5.0,17.0,,Zero,sheriff,,300.0,,Zero
SP__LY__2023__3.0__88__8.0,LY__2023,,,,,,3.0,88,8.0,,5.0,16.0,,Zero,rembrandt,,300.0,,Zero
SP__LY__2023__3.0__87__8.0,LY__2023,,,,,,3.0,87,8.0,,5.0,15.0,,Zero,kvium,,300.0,,Zero
SP__LY__2023__3.0__82__7.0,LY__2023,,,,,,3.0,82,7.0,,6.0,22.0,,Half,rembrandt,,300.0,,Half
SP__LY__2023__3.0__81__7.0,LY__2023,,,,,,3.0,81,7.0,,6.0,21.0,,Half,kvium,,300.0,,Half
SP__LY__2023__3.0__80__7.0,LY__2023,,,,,,3.0,80,7.0,,6.0,20.0,,Half,heerup,,300.0,,Half
SP__LY__2023__3.0__91__8.0,LY__2023,,,,,,3.0,91,8.0,,5.0,19.0,,Zero,heerup,,300.0,,Zero
SP__LY__2023__2.0__68__6.0,LY__2023,,,,,,2.0,68,6.0,,1.0,8.0,,Normal,sheriff,,300.0,,Normal
SP__LY__2023__1.0__18__2.0,LY__2023,,,,,,1.0,18,2.0,,5.0,6.0,,Half,heerup,,300.0,,Half
SP__LY__2023__1.0__10__1.0,LY__2023,,,,,,1.0,10,1.0,,6.0,10.0,,Normal,rembrandt,,300.0,,Normal
SP__LY__2023__1.0__17__2.0,LY__2023,,,,,,1.0,17,2.0,,5.0,5.0,,Half,rembrandt,,300.0,,Half
SP__LY__2023__3_61,LY__2023,,,,,,,3_61,,,,,,Normal,heerup,,300.0,,Normal
SP__LY__2023__5_68,LY__2023,,,,,,,5_68,,,,,,Normal,sheriff,,300.0,,Normal
SP__LY__control__3.0__14,LY__control,,,,,,3.0,14,,,,,n,n,Rembrandt,,,,
SP__LY__control__2.0__12,LY__control,,,,,,2.0,12,,,,,n,n,Heerup,,,,
SP__LY__control__3.0__13,LY__control,,,,,,3.0,13,,,,,n,n,Heerup,,,,
SP__LY__control__3.0__18,LY__control,,,,,,3.0,18,,,,,y,n,Heerup,,,,
SP__LY__control__3.0__15,LY__control,,,,,,3.0,15,,,,,n,n,Kvium,,,,
SP__LY__control__4.0__19,LY__control,,,,,,4.0,19,,,,,y,n,Rembrandt,,,,
SP__LY__control__4.0__20,LY__control,,,,,,4.0,20,,,,,y,n,Heerup,,,,
SP__LY__control__4.0__21,LY__control,,,,,,4.0,21,,,,,y,n,Kvium,,,,
SP__LY__control__4.0__22,LY__control,,,,,,4.0,22,,,,,n,n,Kvium,,,,
SP__LY__control__4.0__23,LY__control,,,,,,4.0,23,,,,,n,n,Rembrandt,,,,
SP__LY__control__1.0__3,LY__control,,,,,,1.0,3,,,,,n,n,Kvium,,,,
SP__LY__control__2.0__11,LY__control,,,,,,2.0,11,,,,,n,n,Kvium,,,,
SP__LY__control__1.0__4,LY__control,,,,,,1.0,4,,,,,y,n,Rembrandt,,,,
SP__LY__control__1.0__5,LY__control,,,,,,1.0,5,,,,,y,n,Kvium,,,,
SP__LY__control__2.0__7,LY__control,,,,,,2.0,7,,,,,y,n,Heerup,,,,
SP__LY__control__2.0__8,LY__control,,,,,,2.0,8,,,,,y,n,Rembrandt,,,,
SP__LY__control__2.0__9,LY__control,,,,,,2.0,9,,,,,y,n,Kvium,,,,
SP__LY__control__2.0__10,LY__control,,,,,,2.0,10,,,,,n,n,Rembrandt,,,,
SP__LY__control__1.0__6,LY__control,,,,,,1.0,6,,,,,y,n,Heerup,,,,
